FUND_CODE,ACCRUAL_DATE,MGMT_FEE_ACCRUED,ADMIN_FEE_ACCRUED,OTHER_EXPENSE
CIF-CAD-EQ-01,2024-12-24,30282.74,3601.19,3283.61
CIF-CAD-EQ-01,2024-12-25,30158.03,3586.36,3887.66
CIF-CAD-EQ-01,2024-12-26,29944.4,3560.96,3722.45
CIF-CAD-EQ-01,2024-12-27,29926.61,3558.84,3025.1
CIF-CAD-EQ-01,2024-12-30,29868.99,3551.99,3106.88
CIF-CAD-EQ-01,2024-12-31,29781.98,3541.64,2906.5
CIF-CAD-EQ-01,2025-01-01,29717.08,3533.92,2936.98
CIF-CAD-EQ-01,2025-01-02,29701.49,3532.07,2917.2
CIF-CAD-EQ-01,2025-01-03,29686.35,3530.27,3661.44
CIF-CAD-EQ-01,2025-01-06,29656.77,3526.75,3458.89
CIF-CAD-EQ-01,2025-01-07,29617.96,3522.14,3285.54
CIF-CAD-EQ-01,2025-01-08,29508.79,3509.15,3229.05
CIF-CAD-EQ-01,2025-01-09,29554.6,3514.6,3375.76
CIF-CAD-EQ-01,2025-01-10,29343.96,3489.55,3328.6
CIF-CAD-EQ-01,2025-01-13,26272.83,3124.34,3176.21
CIF-CAD-EQ-01,2025-01-14,26323.74,3130.39,3234.85
CIF-CAD-EQ-01,2025-01-15,26429.76,3143.0,3296.22
CIF-CAD-EQ-01,2025-01-16,26519.09,3153.62,2699.09
CIF-CAD-EQ-01,2025-01-17,26480.2,3149.0,2675.3
CIF-CAD-EQ-01,2025-01-20,26440.22,3144.24,2533.76
CIF-CAD-EQ-01,2025-01-21,26455.28,3146.03,3413.29
CIF-CAD-EQ-01,2025-01-22,26334.08,3131.62,2843.62
CIF-CAD-EQ-01,2025-01-23,26456.37,3146.16,3077.26
CIF-CAD-EQ-01,2025-01-24,26432.92,3143.37,2761.03
CIF-CAD-EQ-01,2025-01-27,26460.74,3146.68,2895.06
CIF-CAD-EQ-01,2025-01-28,26456.34,3146.16,3295.39
CIF-CAD-EQ-01,2025-01-29,26468.52,3147.61,2832.99
CIF-CAD-EQ-01,2025-01-30,26331.6,3131.33,2946.77
CIF-CAD-EQ-01,2025-01-31,26279.13,3125.09,3143.42
CIF-CAD-EQ-01,2025-02-03,26165.05,3111.52,3081.99
CIF-CAD-EQ-01,2025-02-04,26283.9,3125.65,2840.34
CIF-CAD-EQ-01,2025-02-05,26339.84,3132.31,3155.97
CIF-CAD-EQ-01,2025-02-06,26371.1,3136.02,3138.4
CIF-CAD-EQ-01,2025-02-07,26418.12,3141.61,3267.16
CIF-CAD-EQ-01,2025-02-10,26397.02,3139.11,3312.62
CIF-CAD-EQ-01,2025-02-11,26477.0,3148.62,2793.72
CIF-CAD-EQ-01,2025-02-12,26531.64,3155.11,2868.92
CIF-CAD-EQ-01,2025-02-13,26576.26,3160.42,3270.89
CIF-CAD-EQ-01,2025-02-14,26617.16,3165.28,3043.19
CIF-CAD-EQ-01,2025-02-17,26645.36,3168.64,2836.35
CIF-CAD-EQ-01,2025-02-18,26578.58,3160.7,2591.52
CIF-CAD-EQ-01,2025-02-19,26593.74,3162.5,3195.84
CIF-CAD-EQ-01,2025-02-20,26693.93,3174.41,3367.35
CIF-CAD-EQ-01,2025-02-21,26765.38,3182.91,3237.57
CIF-CAD-EQ-01,2025-02-24,26931.63,3202.68,3157.82
CIF-CAD-EQ-01,2025-02-25,26958.8,3205.91,3371.66
CIF-CAD-EQ-01,2025-02-26,26993.23,3210.01,2916.47
CIF-CAD-EQ-01,2025-02-27,26947.9,3204.61,2690.97
CIF-CAD-EQ-01,2025-02-28,26947.58,3204.58,2765.69
CIF-CAD-EQ-01,2025-03-03,26902.42,3199.21,3420.98
CIF-CAD-EQ-01,2025-03-04,26877.97,3196.3,2588.6
CIF-CAD-EQ-01,2025-03-05,26928.32,3202.29,3330.0
CIF-CAD-EQ-01,2025-03-06,27101.33,3222.86,2998.53
CIF-CAD-EQ-01,2025-03-07,27033.85,3214.84,2645.34
CIF-CAD-EQ-01,2025-03-10,27104.83,3223.28,3113.51
CIF-CAD-EQ-01,2025-03-11,27043.01,3215.93,3221.48
CIF-CAD-EQ-01,2025-03-12,26859.76,3194.13,3376.09
CIF-CAD-EQ-01,2025-03-13,26822.56,3189.71,3058.69
CIF-CAD-EQ-01,2025-03-14,26892.79,3198.06,2591.17
CIF-CAD-EQ-01,2025-03-17,26848.4,3192.78,3352.66
CIF-CAD-EQ-01,2025-03-18,24185.43,2876.11,3006.28
CIF-CAD-EQ-01,2025-03-19,24202.08,2878.08,2422.31
CIF-CAD-EQ-01,2025-03-20,24229.41,2881.34,2777.1
CIF-CAD-EQ-01,2025-03-21,24176.85,2875.08,2494.28
CIF-CAD-EQ-01,2025-03-24,24328.99,2893.18,2716.38
CIF-CAD-EQ-01,2025-03-25,24429.55,2905.14,3018.09
CIF-CAD-EQ-01,2025-03-26,24409.71,2902.78,2561.7
CIF-CAD-EQ-01,2025-03-27,24578.56,2922.86,2877.67
CIF-CAD-EQ-01,2025-03-28,24510.74,2914.79,3070.77
CIF-CAD-EQ-01,2025-03-31,24564.57,2921.19,2480.39
CIF-CAD-EQ-01,2025-04-01,24601.43,2925.58,2819.51
CIF-CAD-EQ-01,2025-04-02,24524.05,2916.37,2453.86
CIF-CAD-EQ-01,2025-04-03,24460.12,2908.77,3087.45
CIF-CAD-EQ-01,2025-04-04,24491.02,2912.45,2471.11
CIF-CAD-EQ-01,2025-04-07,24574.98,2922.43,2362.77
CIF-CAD-EQ-01,2025-04-08,24731.0,2940.98,2496.25
CIF-CAD-EQ-01,2025-04-09,24728.87,2940.73,2652.0
CIF-CAD-EQ-01,2025-04-10,24652.11,2931.6,2921.75
CIF-CAD-EQ-01,2025-04-11,24749.58,2943.19,3043.61
CIF-CAD-EQ-01,2025-04-14,24738.2,2941.84,2462.92
CIF-CAD-EQ-01,2025-04-15,22080.27,2625.76,2743.7
CIF-CAD-EQ-01,2025-04-16,22084.27,2626.24,2364.17
CIF-CAD-EQ-01,2025-04-17,22242.47,2645.05,2558.88
CIF-CAD-EQ-01,2025-04-18,22279.42,2649.44,2628.03
CIF-CAD-EQ-01,2025-04-21,22410.33,2665.01,2666.85
CIF-CAD-EQ-01,2025-04-22,22403.21,2664.17,2242.0
CIF-CAD-EQ-01,2025-04-23,22431.51,2667.53,2721.77
CIF-CAD-EQ-01,2025-04-24,22418.8,2666.02,2690.13
CIF-CAD-EQ-01,2025-04-25,22374.03,2660.7,2243.72
CIF-CAD-EQ-01,2025-04-28,22261.8,2647.35,2311.32
CIF-CAD-EQ-01,2025-04-29,22216.43,2641.95,2431.44
CIF-CAD-EQ-01,2025-04-30,22325.43,2654.92,2325.03
CIF-CAD-EQ-01,2025-05-01,22323.72,2654.71,2657.7
CIF-CAD-EQ-01,2025-05-02,22249.16,2645.85,2195.17
CIF-CAD-EQ-01,2025-05-05,22214.4,2641.71,2525.02
CIF-CAD-EQ-01,2025-05-06,22295.99,2651.42,2624.84
CIF-CAD-EQ-01,2025-05-07,22110.84,2629.4,2775.48
CIF-CAD-EQ-01,2025-05-08,22038.55,2620.8,2153.04
CIF-CAD-EQ-01,2025-05-09,21968.19,2612.43,2437.45
CIF-CAD-EQ-01,2025-05-12,21900.52,2604.39,2318.11
CIF-CAD-EQ-01,2025-05-13,21778.61,2589.89,2101.65
CIF-CAD-EQ-01,2025-05-14,21719.35,2582.84,2125.38
CIF-CAD-EQ-01,2025-05-15,21776.98,2589.69,2760.13
CIF-CAD-EQ-01,2025-05-16,21655.03,2575.19,2567.2
CIF-CAD-EQ-01,2025-05-19,21560.9,2564.0,2395.28
CIF-CAD-EQ-01,2025-05-20,21568.11,2564.86,2301.73
CIF-CAD-EQ-01,2025-05-21,21594.27,2567.97,2066.25
CIF-CAD-EQ-01,2025-05-22,21634.0,2572.69,2674.66
CIF-CAD-EQ-01,2025-05-23,21691.72,2579.56,2562.68
CIF-CAD-EQ-01,2025-05-26,21792.99,2591.6,2810.49
CIF-CAD-EQ-01,2025-05-27,21768.42,2588.68,2110.05
CIF-CAD-EQ-01,2025-05-28,21862.53,2599.87,2414.39
CIF-CAD-EQ-01,2025-05-29,21874.43,2601.28,2349.13
CIF-CAD-EQ-01,2025-05-30,21859.37,2599.49,2661.12
CIF-CAD-EQ-01,2025-06-02,21866.0,2600.28,2642.87
CIF-CAD-EQ-01,2025-06-03,21855.28,2599.01,2573.08
CIF-CAD-EQ-01,2025-06-04,22012.84,2617.74,2389.39
CIF-CAD-EQ-01,2025-06-05,22043.4,2621.38,2562.94
CIF-CAD-EQ-01,2025-06-06,22035.21,2620.4,2564.68
CIF-CAD-EQ-01,2025-06-09,21901.26,2604.47,2133.05
CIF-CAD-EQ-01,2025-06-10,21879.39,2601.87,2763.33
CIF-CAD-EQ-01,2025-06-11,21879.89,2601.93,2749.86
CIF-CAD-EQ-01,2025-06-12,21789.75,2591.21,2685.79
CIF-CAD-EQ-01,2025-06-13,23511.31,2795.94,2822.52
CIF-CAD-EQ-01,2025-06-16,23452.3,2788.92,2672.57
CIF-CAD-EQ-01,2025-06-17,23639.0,2811.12,2977.21
CIF-CAD-EQ-01,2025-06-18,23600.65,2806.56,2439.05
CIF-CAD-EQ-01,2025-06-19,23592.02,2805.54,2268.27
CIF-CAD-EQ-01,2025-06-20,23589.52,2805.24,2699.16
CIF-CAD-EQ-01,2025-06-23,23403.51,2783.12,2741.74
CIF-CAD-EQ-01,2025-06-24,23433.89,2786.73,2998.3
CIF-CAD-EQ-01,2025-06-25,23476.91,2791.85,2970.59
CIF-CAD-EQ-01,2025-06-26,23534.63,2798.71,2557.63
CIF-CAD-EQ-01,2025-06-27,23554.99,2801.13,2959.65
CIF-CAD-EQ-01,2025-06-30,23655.7,2813.11,2627.57
CIF-CAD-EQ-01,2025-07-01,23722.53,2821.06,2460.97
CIF-CAD-EQ-01,2025-07-02,23621.2,2809.01,2975.04
CIF-CAD-EQ-01,2025-07-03,23748.48,2824.14,2896.1
CIF-CAD-EQ-01,2025-07-04,23796.06,2829.8,2355.12
CIF-CAD-EQ-01,2025-07-07,23744.29,2823.65,2510.12
CIF-CAD-EQ-01,2025-07-08,23787.47,2828.78,2931.55
CIF-CAD-EQ-01,2025-07-09,23782.63,2828.2,2478.55
CIF-CAD-EQ-01,2025-07-10,23738.11,2822.91,2809.59
CIF-CAD-EQ-01,2025-07-11,23623.44,2809.27,2812.2
CIF-CAD-EQ-01,2025-07-14,23655.75,2813.12,2846.95
CIF-CAD-EQ-01,2025-07-15,23602.04,2806.73,2868.49
CIF-CAD-EQ-01,2025-07-16,23549.43,2800.47,2915.55
CIF-CAD-EQ-01,2025-07-17,23449.18,2788.55,2268.3
CIF-CAD-EQ-01,2025-07-18,23488.59,2793.24,2835.59
CIF-CAD-EQ-01,2025-07-21,23410.1,2783.9,2662.24
CIF-CAD-EQ-01,2025-07-22,23373.31,2779.53,2236.67
CIF-CAD-EQ-01,2025-07-23,23426.67,2785.87,2692.23
CIF-CAD-EQ-01,2025-07-24,23448.88,2788.52,2345.55
CIF-CAD-EQ-01,2025-07-25,23432.01,2786.51,2999.53
CIF-CAD-EQ-01,2025-07-28,23451.97,2788.88,2296.87
CIF-CAD-EQ-01,2025-07-29,23455.16,2789.26,2538.43
CIF-CAD-EQ-01,2025-07-30,23692.1,2817.44,3042.46
CIF-CAD-EQ-01,2025-07-31,23672.34,2815.09,2945.98
CIF-CAD-EQ-01,2025-08-01,23627.9,2809.8,2861.49
CIF-CAD-EQ-01,2025-08-04,23632.83,2810.39,2298.97
CIF-CAD-EQ-01,2025-08-05,23626.71,2809.66,2931.25
CIF-CAD-EQ-01,2025-08-06,23658.47,2813.44,2389.21
CIF-CAD-EQ-01,2025-08-07,23746.92,2823.96,2911.69
CIF-CAD-EQ-01,2025-08-08,23842.68,2835.35,2444.7
CIF-CAD-EQ-01,2025-08-11,23917.27,2844.22,3055.41
CIF-CAD-EQ-01,2025-08-12,23919.66,2844.5,2973.06
CIF-CAD-EQ-01,2025-08-13,23962.68,2849.62,2983.5
CIF-CAD-EQ-01,2025-08-14,23929.75,2845.7,2366.25
CIF-CAD-EQ-01,2025-08-15,24016.79,2856.05,2885.07
CIF-CAD-EQ-01,2025-08-18,24009.36,2855.17,2817.9
CIF-CAD-EQ-01,2025-08-19,23946.21,2847.66,2595.25
CIF-CAD-EQ-01,2025-08-20,24049.1,2859.89,2751.13
CIF-CAD-EQ-01,2025-08-21,23912.15,2843.61,2947.25
CIF-CAD-EQ-01,2025-08-22,23921.53,2844.72,2697.08
CIF-CAD-EQ-01,2025-08-25,23872.89,2838.94,2708.97
CIF-CAD-EQ-01,2025-08-26,23886.75,2840.59,2799.79
CIF-CAD-EQ-01,2025-08-27,23820.16,2832.67,2963.46
CIF-CAD-EQ-01,2025-08-28,23953.17,2848.49,2852.21
CIF-CAD-EQ-01,2025-08-29,24063.34,2861.59,2533.68
CIF-CAD-EQ-01,2025-09-01,23941.55,2847.1,2419.27
CIF-CAD-EQ-01,2025-09-02,23861.74,2837.61,2302.6
CIF-CAD-EQ-01,2025-09-03,24019.48,2856.37,2675.43
CIF-CAD-EQ-01,2025-09-04,24023.17,2856.81,2563.18
CIF-CAD-EQ-01,2025-09-05,24073.73,2862.82,2814.86
CIF-CAD-EQ-01,2025-09-08,24092.44,2865.05,2802.38
CIF-CAD-EQ-01,2025-09-09,25920.61,3082.45,2956.01
CIF-CAD-EQ-01,2025-09-10,25978.08,3089.28,2867.73
CIF-CAD-EQ-01,2025-09-11,26057.78,3098.76,2887.04
CIF-CAD-EQ-01,2025-09-12,25893.24,3079.2,2671.81
CIF-CAD-EQ-01,2025-09-15,25800.32,3068.15,3134.52
CIF-CAD-EQ-01,2025-09-16,25666.64,3052.25,2541.82
CIF-CAD-EQ-01,2025-09-17,25629.46,3047.83,3078.54
CIF-CAD-EQ-01,2025-09-18,25637.02,3048.73,2938.09
CIF-CAD-EQ-01,2025-09-19,25374.44,3017.5,3026.78
CIF-CAD-EQ-01,2025-09-22,25316.69,3010.63,3094.78
CIF-CAD-EQ-01,2025-09-23,25460.54,3027.74,3247.71
CIF-CAD-EQ-01,2025-09-24,25363.83,3016.24,2943.4
CIF-CAD-EQ-01,2025-09-25,25436.61,3024.89,3151.1
CIF-CAD-EQ-01,2025-09-26,25402.37,3020.82,2856.69
CIF-CAD-EQ-01,2025-09-29,25351.8,3014.81,3239.47
CIF-CAD-EQ-01,2025-09-30,25393.65,3019.79,2981.29
CIF-CAD-EQ-01,2025-10-01,25514.48,3034.15,2896.74
CIF-CAD-EQ-01,2025-10-02,25574.35,3041.27,2911.7
CIF-CAD-EQ-01,2025-10-03,25502.48,3032.73,2844.71
CIF-CAD-EQ-01,2025-10-06,25600.19,3044.35,3197.99
CIF-CAD-EQ-01,2025-10-07,25576.98,3041.59,2755.31
CIF-CAD-EQ-01,2025-10-08,25684.87,3054.42,2759.49
CIF-CAD-EQ-01,2025-10-09,25747.07,3061.81,2970.04
CIF-CAD-EQ-01,2025-10-10,25864.88,3075.82,3177.68
CIF-CAD-EQ-01,2025-10-13,25929.14,3083.47,2711.28
CIF-CAD-EQ-01,2025-10-14,25957.18,3086.8,3053.92
CIF-CAD-EQ-01,2025-10-15,26085.69,3102.08,3177.59
CIF-CAD-EQ-01,2025-10-16,26092.4,3102.88,2802.71
CIF-CAD-EQ-01,2025-10-17,25984.55,3090.05,3273.39
CIF-CAD-EQ-01,2025-10-20,26077.61,3101.12,3348.84
CIF-CAD-EQ-01,2025-10-21,26060.92,3099.14,2741.8
CIF-CAD-EQ-01,2025-10-22,25910.69,3081.27,3082.07
CIF-CAD-EQ-01,2025-10-23,25945.02,3085.35,2560.86
CIF-CAD-EQ-01,2025-10-24,25967.56,3088.03,3251.64
CIF-CAD-EQ-01,2025-10-27,25985.69,3090.19,2736.24
CIF-CAD-EQ-01,2025-10-28,25981.69,3089.71,3115.29
CIF-CAD-EQ-01,2025-10-29,25845.14,3073.48,3198.4
CIF-CAD-EQ-01,2025-10-30,25909.93,3081.18,2841.95
CIF-CAD-EQ-01,2025-10-31,25894.28,3079.32,2815.71
CIF-CAD-EQ-01,2025-11-03,25830.52,3071.74,3333.81
CIF-CAD-EQ-01,2025-11-04,25735.44,3060.43,2777.72
CIF-CAD-EQ-01,2025-11-05,25776.96,3065.37,3285.93
CIF-CAD-EQ-01,2025-11-06,25744.13,3061.46,2893.21
CIF-CAD-EQ-01,2025-11-07,25733.9,3060.25,3300.48
CIF-CAD-EQ-01,2025-11-10,25616.73,3046.31,2773.72
CIF-CAD-EQ-01,2025-11-11,25589.24,3043.04,3238.56
CIF-CAD-EQ-01,2025-11-12,25632.6,3048.2,2520.74
CIF-CAD-EQ-01,2025-11-13,25542.19,3037.45,2606.61
CIF-CAD-EQ-01,2025-11-14,25598.08,3044.1,2722.92
CIF-CAD-EQ-01,2025-11-17,25530.59,3036.07,2442.97
CIF-CAD-EQ-01,2025-11-18,25564.7,3040.13,2615.85
CIF-CAD-EQ-01,2025-11-19,25667.33,3052.33,2646.63
CIF-CAD-EQ-01,2025-11-20,25679.04,3053.72,2690.83
CIF-CAD-EQ-01,2025-11-21,25562.39,3039.85,2630.26
CIF-CAD-EQ-01,2025-11-24,25591.51,3043.31,3042.07
CIF-CAD-EQ-01,2025-11-25,25600.41,3044.37,2910.63
CIF-CAD-EQ-01,2025-11-26,25566.32,3040.32,2480.71
CIF-CAD-EQ-01,2025-11-27,25556.88,3039.2,3263.77
CIF-CAD-EQ-01,2025-11-28,25597.48,3044.02,2918.7
CIF-CAD-EQ-01,2025-12-01,25499.65,3032.39,3174.48
CIF-CAD-EQ-01,2025-12-02,25472.57,3029.17,3202.87
CIF-CAD-EQ-01,2025-12-03,25518.07,3034.58,3103.77
CIF-CAD-EQ-01,2025-12-04,25485.15,3030.67,2960.56
CIF-CAD-EQ-01,2025-12-05,25461.74,3027.88,2530.77
CIF-CAD-EQ-01,2025-12-08,25503.06,3032.8,3242.63
CIF-CAD-EQ-01,2025-12-09,25604.14,3044.82,2892.86
CIF-CAD-EQ-01,2025-12-10,25587.4,3042.83,2909.44
CIF-CAD-EQ-01,2025-12-11,25681.14,3053.97,3054.06
CIF-CAD-EQ-01,2025-12-12,25609.99,3045.51,2816.06
CIF-CAD-EQ-01,2025-12-15,25669.24,3052.56,2522.4
CIF-CAD-EQ-01,2025-12-16,25545.69,3037.87,3160.6
CIF-CAD-EQ-01,2025-12-17,25623.17,3047.08,3237.15
CIF-CAD-EQ-01,2025-12-18,25670.23,3052.68,2808.06
CIF-CAD-EQ-01,2025-12-19,25648.62,3050.11,3026.97
CIF-CAD-EQ-01,2025-12-22,25606.06,3045.04,2849.72
CIF-CAD-EQ-01,2025-12-23,25684.43,3054.36,2791.95
CIF-CAD-EQ-01,2025-12-24,25589.99,3043.13,2782.34
CIF-CAD-EQ-01,2025-12-25,25634.43,3048.42,3261.58
CIF-CAD-EQ-01,2025-12-26,25752.7,3062.48,3166.45
CIF-CAD-EQ-01,2025-12-29,25826.98,3071.32,2987.2
CIF-CAD-EQ-01,2025-12-30,25847.54,3073.76,2931.96
CIF-CAD-EQ-01,2025-12-31,25804.38,3068.63,2879.37
CIF-GLB-EQ-02,2024-12-24,24992.06,2977.78,3008.4
CIF-GLB-EQ-02,2024-12-25,25002.04,2978.97,2698.84
CIF-GLB-EQ-02,2024-12-26,24765.93,2950.83,3185.82
CIF-GLB-EQ-02,2024-12-27,24859.05,2961.93,3243.19
CIF-GLB-EQ-02,2024-12-30,24797.88,2954.64,2670.11
CIF-GLB-EQ-02,2024-12-31,24942.17,2971.83,3300.99
CIF-GLB-EQ-02,2025-01-01,24795.09,2954.31,2796.04
CIF-GLB-EQ-02,2025-01-02,24841.93,2959.89,2977.14
CIF-GLB-EQ-02,2025-01-03,24851.97,2961.09,2934.4
CIF-GLB-EQ-02,2025-01-06,24761.93,2950.36,2623.3
CIF-GLB-EQ-02,2025-01-07,24716.83,2944.98,3307.07
CIF-GLB-EQ-02,2025-01-08,24753.26,2949.32,3258.25
CIF-GLB-EQ-02,2025-01-09,24775.13,2951.93,2934.62
CIF-GLB-EQ-02,2025-01-10,24814.64,2956.64,2780.73
CIF-GLB-EQ-02,2025-01-13,24742.13,2948.0,3235.81
CIF-GLB-EQ-02,2025-01-14,24790.13,2953.72,2835.88
CIF-GLB-EQ-02,2025-01-15,24816.07,2956.81,3012.42
CIF-GLB-EQ-02,2025-01-16,25045.34,2984.13,2866.13
CIF-GLB-EQ-02,2025-01-17,25298.49,3014.29,2880.3
CIF-GLB-EQ-02,2025-01-20,25321.95,3017.08,2864.17
CIF-GLB-EQ-02,2025-01-21,25419.82,3028.74,2880.8
CIF-GLB-EQ-02,2025-01-22,25329.31,3017.96,2876.41
CIF-GLB-EQ-02,2025-01-23,25473.01,3035.08,3238.2
CIF-GLB-EQ-02,2025-01-24,25341.78,3019.45,3140.83
CIF-GLB-EQ-02,2025-01-27,25354.8,3021.0,2806.42
CIF-GLB-EQ-02,2025-01-28,25253.08,3008.88,2626.74
CIF-GLB-EQ-02,2025-01-29,25288.27,3013.07,3202.0
CIF-GLB-EQ-02,2025-01-30,25245.59,3007.98,3217.06
CIF-GLB-EQ-02,2025-01-31,25212.85,3004.08,3304.21
CIF-GLB-EQ-02,2025-02-03,25191.08,3001.49,3407.8
CIF-GLB-EQ-02,2025-02-04,25099.67,2990.6,3136.39
CIF-GLB-EQ-02,2025-02-05,25182.68,3000.49,2624.8
CIF-GLB-EQ-02,2025-02-06,25250.31,3008.55,3029.96
CIF-GLB-EQ-02,2025-02-07,25355.45,3021.07,3288.1
CIF-GLB-EQ-02,2025-02-10,25253.6,3008.94,2934.4
CIF-GLB-EQ-02,2025-02-11,25362.54,3021.92,2781.05
CIF-GLB-EQ-02,2025-02-12,25300.73,3014.56,2714.82
CIF-GLB-EQ-02,2025-02-13,25320.84,3016.95,3487.83
CIF-GLB-EQ-02,2025-02-14,25396.03,3025.91,3475.94
CIF-GLB-EQ-02,2025-02-17,25367.29,3022.49,2944.5
CIF-GLB-EQ-02,2025-02-18,25351.23,3020.57,3038.95
CIF-GLB-EQ-02,2025-02-19,25376.31,3023.56,3362.68
CIF-GLB-EQ-02,2025-02-20,25478.25,3035.71,3156.22
CIF-GLB-EQ-02,2025-02-21,25451.0,3032.46,2895.54
CIF-GLB-EQ-02,2025-02-24,25524.74,3041.25,2963.6
CIF-GLB-EQ-02,2025-02-25,25509.8,3039.47,3401.98
CIF-GLB-EQ-02,2025-02-26,25678.89,3059.61,3174.24
CIF-GLB-EQ-02,2025-02-27,25665.25,3057.99,2669.87
CIF-GLB-EQ-02,2025-02-28,25713.5,3063.74,3332.36
CIF-GLB-EQ-02,2025-03-03,25691.96,3061.17,3439.93
CIF-GLB-EQ-02,2025-03-04,25713.34,3063.72,2946.36
CIF-GLB-EQ-02,2025-03-05,25699.8,3062.1,3012.86
CIF-GLB-EQ-02,2025-03-06,25792.62,3073.16,3015.35
CIF-GLB-EQ-02,2025-03-07,25740.1,3066.91,2852.22
CIF-GLB-EQ-02,2025-03-10,25841.94,3079.04,3417.5
CIF-GLB-EQ-02,2025-03-11,25858.22,3080.98,3442.85
CIF-GLB-EQ-02,2025-03-12,25806.7,3074.84,3351.08
CIF-GLB-EQ-02,2025-03-13,28519.3,3398.04,3305.06
CIF-GLB-EQ-02,2025-03-14,28373.66,3380.69,3232.87
CIF-GLB-EQ-02,2025-03-17,28459.24,3390.89,3741.67
CIF-GLB-EQ-02,2025-03-18,28344.55,3377.22,3549.79
CIF-GLB-EQ-02,2025-03-19,28329.26,3375.4,3058.33
CIF-GLB-EQ-02,2025-03-20,28196.85,3359.63,3624.86
CIF-GLB-EQ-02,2025-03-21,28187.45,3358.5,3484.0
CIF-GLB-EQ-02,2025-03-24,28239.52,3364.71,2939.66
CIF-GLB-EQ-02,2025-03-25,28257.99,3366.91,3644.18
CIF-GLB-EQ-02,2025-03-26,28298.66,3371.75,3256.22
CIF-GLB-EQ-02,2025-03-27,28428.53,3387.23,3831.66
CIF-GLB-EQ-02,2025-03-28,28239.89,3364.75,3244.73
CIF-GLB-EQ-02,2025-03-31,28335.07,3376.09,3698.22
CIF-GLB-EQ-02,2025-04-01,28307.15,3372.77,3659.57
CIF-GLB-EQ-02,2025-04-02,28275.09,3368.95,2951.72
CIF-GLB-EQ-02,2025-04-03,28196.83,3359.62,3856.19
CIF-GLB-EQ-02,2025-04-04,28232.75,3363.9,2983.86
CIF-GLB-EQ-02,2025-04-07,28437.65,3388.32,3330.31
CIF-GLB-EQ-02,2025-04-08,28537.02,3400.16,3121.89
CIF-GLB-EQ-02,2025-04-09,28434.47,3387.94,2976.0
CIF-GLB-EQ-02,2025-04-10,28467.31,3391.85,3514.6
CIF-GLB-EQ-02,2025-04-11,28363.02,3379.42,3110.04
CIF-GLB-EQ-02,2025-04-14,28229.82,3363.55,3196.75
CIF-GLB-EQ-02,2025-04-15,28205.94,3360.71,3678.98
CIF-GLB-EQ-02,2025-04-16,28415.26,3385.65,3472.97
CIF-GLB-EQ-02,2025-04-17,28461.23,3391.13,2978.11
CIF-GLB-EQ-02,2025-04-18,28368.57,3380.08,3586.89
CIF-GLB-EQ-02,2025-04-21,28273.27,3368.73,3876.42
CIF-GLB-EQ-02,2025-04-22,28134.77,3352.23,3702.86
CIF-GLB-EQ-02,2025-04-23,28195.58,3359.47,2909.58
CIF-GLB-EQ-02,2025-04-24,28015.25,3337.99,3716.79
CIF-GLB-EQ-02,2025-04-25,28107.17,3348.94,3840.25
CIF-GLB-EQ-02,2025-04-28,28243.77,3365.22,3464.88
CIF-GLB-EQ-02,2025-04-29,28158.92,3355.11,3789.05
CIF-GLB-EQ-02,2025-04-30,28186.52,3358.39,3684.12
CIF-GLB-EQ-02,2025-05-01,28269.96,3368.34,3873.9
CIF-GLB-EQ-02,2025-05-02,28095.51,3347.55,3611.93
CIF-GLB-EQ-02,2025-05-05,28117.3,3350.15,3515.09
CIF-GLB-EQ-02,2025-05-06,28114.68,3349.83,3752.49
CIF-GLB-EQ-02,2025-05-07,27981.78,3334.0,3494.85
CIF-GLB-EQ-02,2025-05-08,28042.73,3341.26,3851.59
CIF-GLB-EQ-02,2025-05-09,27794.15,3311.64,2846.28
CIF-GLB-EQ-02,2025-05-12,27851.75,3318.51,3454.43
CIF-GLB-EQ-02,2025-05-13,28049.11,3342.02,3108.77
CIF-GLB-EQ-02,2025-05-14,28063.17,3343.7,3072.65
CIF-GLB-EQ-02,2025-05-15,28016.5,3338.14,2879.13
CIF-GLB-EQ-02,2025-05-16,27919.93,3326.63,3687.28
CIF-GLB-EQ-02,2025-05-19,27902.49,3324.55,3110.82
CIF-GLB-EQ-02,2025-05-20,27963.23,3331.79,3342.01
CIF-GLB-EQ-02,2025-05-21,27902.22,3324.52,3112.32
CIF-GLB-EQ-02,2025-05-22,27712.52,3301.92,3117.25
CIF-GLB-EQ-02,2025-05-23,27765.74,3308.26,3704.47
CIF-GLB-EQ-02,2025-05-26,27764.67,3308.13,3159.86
CIF-GLB-EQ-02,2025-05-27,27834.77,3316.48,3478.11
CIF-GLB-EQ-02,2025-05-28,27899.04,3324.14,2997.39
CIF-GLB-EQ-02,2025-05-29,27820.39,3314.77,3217.34
CIF-GLB-EQ-02,2025-05-30,27771.33,3308.92,3163.71
CIF-GLB-EQ-02,2025-06-02,27945.81,3329.71,2931.31
CIF-GLB-EQ-02,2025-06-03,27865.99,3320.2,3188.04
CIF-GLB-EQ-02,2025-06-04,28206.18,3360.74,3655.16
CIF-GLB-EQ-02,2025-06-05,28186.75,3358.42,3483.15
CIF-GLB-EQ-02,2025-06-06,28181.68,3357.82,3354.2
CIF-GLB-EQ-02,2025-06-09,28312.04,3373.35,3147.08
CIF-GLB-EQ-02,2025-06-10,28382.73,3381.77,3533.75
CIF-GLB-EQ-02,2025-06-11,27361.88,3260.14,2953.05
CIF-GLB-EQ-02,2025-06-12,27215.92,3242.75,2939.6
CIF-GLB-EQ-02,2025-06-13,27127.89,3232.26,3119.15
CIF-GLB-EQ-02,2025-06-16,27161.95,3236.32,3283.51
CIF-GLB-EQ-02,2025-06-17,27188.08,3239.43,2789.91
CIF-GLB-EQ-02,2025-06-18,27362.93,3260.26,3006.71
CIF-GLB-EQ-02,2025-06-19,27524.22,3279.48,3372.6
CIF-GLB-EQ-02,2025-06-20,27512.13,3278.04,3509.89
CIF-GLB-EQ-02,2025-06-23,27489.21,3275.31,2823.06
CIF-GLB-EQ-02,2025-06-24,27490.45,3275.46,3488.03
CIF-GLB-EQ-02,2025-06-25,27424.89,3267.65,2825.66
CIF-GLB-EQ-02,2025-06-26,27474.05,3273.5,3056.24
CIF-GLB-EQ-02,2025-06-27,27602.48,3288.81,3713.58
CIF-GLB-EQ-02,2025-06-30,27531.4,3280.34,3023.21
CIF-GLB-EQ-02,2025-07-01,27676.4,3297.61,3236.31
CIF-GLB-EQ-02,2025-07-02,27563.26,3284.13,3791.72
CIF-GLB-EQ-02,2025-07-03,27680.73,3298.13,3203.58
CIF-GLB-EQ-02,2025-07-04,27677.85,3297.79,2833.93
CIF-GLB-EQ-02,2025-07-07,27730.76,3304.09,3487.65
CIF-GLB-EQ-02,2025-07-08,27637.48,3292.98,3415.68
CIF-GLB-EQ-02,2025-07-09,27463.72,3272.27,3421.44
CIF-GLB-EQ-02,2025-07-10,27542.98,3281.72,3325.81
CIF-GLB-EQ-02,2025-07-11,27503.85,3277.05,3702.44
CIF-GLB-EQ-02,2025-07-14,27403.67,3265.12,3222.32
CIF-GLB-EQ-02,2025-07-15,27317.91,3254.9,3266.02
CIF-GLB-EQ-02,2025-07-16,27385.86,3263.0,3092.26
CIF-GLB-EQ-02,2025-07-17,27456.48,3271.41,3433.8
CIF-GLB-EQ-02,2025-07-18,26286.06,3131.96,3157.5
CIF-GLB-EQ-02,2025-07-21,26218.55,3123.91,3480.02
CIF-GLB-EQ-02,2025-07-22,26216.23,3123.64,2721.87
CIF-GLB-EQ-02,2025-07-23,26217.42,3123.78,2740.7
CIF-GLB-EQ-02,2025-07-24,26088.18,3108.38,3164.51
CIF-GLB-EQ-02,2025-07-25,25952.09,3092.16,3268.69
CIF-GLB-EQ-02,2025-07-28,25900.74,3086.05,3344.51
CIF-GLB-EQ-02,2025-07-29,26095.77,3109.28,3234.32
CIF-GLB-EQ-02,2025-07-30,25984.98,3096.08,2939.22
CIF-GLB-EQ-02,2025-07-31,25884.28,3084.08,3173.52
CIF-GLB-EQ-02,2025-08-01,25783.89,3072.12,3428.52
CIF-GLB-EQ-02,2025-08-04,25732.29,3065.98,2879.24
CIF-GLB-EQ-02,2025-08-05,25755.67,3068.76,3529.83
CIF-GLB-EQ-02,2025-08-06,25705.54,3062.79,2845.04
CIF-GLB-EQ-02,2025-08-07,25946.92,3091.55,2994.96
CIF-GLB-EQ-02,2025-08-08,25939.28,3090.64,2749.24
CIF-GLB-EQ-02,2025-08-11,26118.86,3112.03,3487.22
CIF-GLB-EQ-02,2025-08-12,26179.88,3119.3,2848.67
CIF-GLB-EQ-02,2025-08-13,26173.95,3118.6,2757.1
CIF-GLB-EQ-02,2025-08-14,26183.53,3119.74,3449.84
CIF-GLB-EQ-02,2025-08-15,27320.84,3255.25,2869.8
CIF-GLB-EQ-02,2025-08-18,27352.39,3259.01,3738.76
CIF-GLB-EQ-02,2025-08-19,27334.89,3256.92,3480.69
CIF-GLB-EQ-02,2025-08-20,27179.8,3238.44,3465.79
CIF-GLB-EQ-02,2025-08-21,26863.46,3200.75,3649.99
CIF-GLB-EQ-02,2025-08-22,27033.26,3220.98,3188.0
CIF-GLB-EQ-02,2025-08-25,26966.11,3212.98,3058.96
CIF-GLB-EQ-02,2025-08-26,26937.71,3209.6,3138.82
CIF-GLB-EQ-02,2025-08-27,26951.92,3211.29,2883.82
CIF-GLB-EQ-02,2025-08-28,26954.06,3211.55,3036.35
CIF-GLB-EQ-02,2025-08-29,27042.07,3222.03,3014.68
CIF-GLB-EQ-02,2025-09-01,27270.15,3249.21,3291.4
CIF-GLB-EQ-02,2025-09-02,27157.8,3235.82,2887.31
CIF-GLB-EQ-02,2025-09-03,27171.35,3237.44,3357.2
CIF-GLB-EQ-02,2025-09-04,27120.39,3231.37,2906.61
CIF-GLB-EQ-02,2025-09-05,27084.7,3227.11,3215.53
CIF-GLB-EQ-02,2025-09-08,27228.62,3244.26,2779.23
CIF-GLB-EQ-02,2025-09-09,27098.19,3228.72,3437.43
CIF-GLB-EQ-02,2025-09-10,27215.95,3242.75,3699.6
CIF-GLB-EQ-02,2025-09-11,27279.46,3250.32,3565.68
CIF-GLB-EQ-02,2025-09-12,27237.43,3245.31,2984.08
CIF-GLB-EQ-02,2025-09-15,27370.51,3261.17,3027.51
CIF-GLB-EQ-02,2025-09-16,27096.16,3228.48,3700.26
CIF-GLB-EQ-02,2025-09-17,27176.95,3238.11,3152.95
CIF-GLB-EQ-02,2025-09-18,27145.81,3234.39,2795.72
CIF-GLB-EQ-02,2025-09-19,26938.34,3209.67,3625.35
CIF-GLB-EQ-02,2025-09-22,26941.68,3210.07,3708.16
CIF-GLB-EQ-02,2025-09-23,27045.37,3222.43,2797.87
CIF-GLB-EQ-02,2025-09-24,27085.99,3227.27,2902.36
CIF-GLB-EQ-02,2025-09-25,27248.66,3246.65,3085.76
CIF-GLB-EQ-02,2025-09-26,27122.11,3231.57,3176.47
CIF-GLB-EQ-02,2025-09-29,27057.06,3223.82,3421.19
CIF-GLB-EQ-02,2025-09-30,27103.87,3229.4,3524.42
CIF-GLB-EQ-02,2025-10-01,27062.68,3224.49,2763.27
CIF-GLB-EQ-02,2025-10-02,27150.37,3234.94,3243.18
CIF-GLB-EQ-02,2025-10-03,27059.43,3224.1,3409.63
CIF-GLB-EQ-02,2025-10-06,27068.42,3225.17,3640.38
CIF-GLB-EQ-02,2025-10-07,27072.25,3225.63,3121.01
CIF-GLB-EQ-02,2025-10-08,27052.44,3223.27,2895.83
CIF-GLB-EQ-02,2025-10-09,27138.74,3233.55,3093.94
CIF-GLB-EQ-02,2025-10-10,27246.97,3246.45,3106.25
CIF-GLB-EQ-02,2025-10-13,27376.71,3261.91,2994.49
CIF-GLB-EQ-02,2025-10-14,27463.6,3272.26,3258.09
CIF-GLB-EQ-02,2025-10-15,30202.75,3598.63,3883.63
CIF-GLB-EQ-02,2025-10-16,30111.88,3587.8,4064.14
CIF-GLB-EQ-02,2025-10-17,30079.51,3583.94,3271.79
CIF-GLB-EQ-02,2025-10-20,30295.59,3609.69,4141.2
CIF-GLB-EQ-02,2025-10-21,30225.71,3601.36,3833.18
CIF-GLB-EQ-02,2025-10-22,30216.67,3600.28,3267.8
CIF-GLB-EQ-02,2025-10-23,30216.84,3600.3,3429.82
CIF-GLB-EQ-02,2025-10-24,30189.31,3597.02,3405.41
CIF-GLB-EQ-02,2025-10-27,30073.14,3583.18,3914.66
CIF-GLB-EQ-02,2025-10-28,30181.03,3596.04,3141.89
CIF-GLB-EQ-02,2025-10-29,30117.33,3588.45,3328.22
CIF-GLB-EQ-02,2025-10-30,30240.4,3603.11,3869.01
CIF-GLB-EQ-02,2025-10-31,30288.21,3608.81,3688.03
CIF-GLB-EQ-02,2025-11-03,30261.34,3605.61,3826.47
CIF-GLB-EQ-02,2025-11-04,30297.04,3609.86,4171.26
CIF-GLB-EQ-02,2025-11-05,30313.46,3611.82,3380.05
CIF-GLB-EQ-02,2025-11-06,30285.1,3608.44,3744.61
CIF-GLB-EQ-02,2025-11-07,30381.29,3619.9,3805.98
CIF-GLB-EQ-02,2025-11-10,30092.74,3585.52,3085.0
CIF-GLB-EQ-02,2025-11-11,29975.15,3571.51,3873.31
CIF-GLB-EQ-02,2025-11-12,30082.69,3584.32,3281.26
CIF-GLB-EQ-02,2025-11-13,30061.03,3581.74,3567.41
CIF-GLB-EQ-02,2025-11-14,30124.79,3589.34,3810.89
CIF-GLB-EQ-02,2025-11-17,30102.24,3586.65,4006.76
CIF-GLB-EQ-02,2025-11-18,30222.95,3601.03,3122.13
CIF-GLB-EQ-02,2025-11-19,30394.89,3621.52,3115.7
CIF-GLB-EQ-02,2025-11-20,30543.68,3639.25,3221.12
CIF-GLB-EQ-02,2025-11-21,30368.1,3618.33,3694.91
CIF-GLB-EQ-02,2025-11-24,30218.24,3600.47,3411.57
CIF-GLB-EQ-02,2025-11-25,30150.7,3592.42,3104.5
CIF-GLB-EQ-02,2025-11-26,30141.43,3591.32,3160.76
CIF-GLB-EQ-02,2025-11-27,30030.86,3578.14,3815.24
CIF-GLB-EQ-02,2025-11-28,30089.62,3585.15,3472.6
CIF-GLB-EQ-02,2025-12-01,29977.69,3571.81,3444.04
CIF-GLB-EQ-02,2025-12-02,29982.38,3572.37,3400.02
CIF-GLB-EQ-02,2025-12-03,30055.07,3581.03,3250.61
CIF-GLB-EQ-02,2025-12-04,30049.44,3580.36,3406.44
CIF-GLB-EQ-02,2025-12-05,29734.67,3542.85,3542.18
CIF-GLB-EQ-02,2025-12-08,29916.33,3564.5,3164.31
CIF-GLB-EQ-02,2025-12-09,30091.0,3585.31,3492.54
CIF-GLB-EQ-02,2025-12-10,30315.81,3612.1,3214.13
CIF-GLB-EQ-02,2025-12-11,30433.47,3626.12,3480.35
CIF-GLB-EQ-02,2025-12-12,30361.76,3617.57,3886.98
CIF-GLB-EQ-02,2025-12-15,30343.5,3615.4,3281.47
CIF-GLB-EQ-02,2025-12-16,30431.34,3625.86,3466.59
CIF-GLB-EQ-02,2025-12-17,30552.14,3640.26,3165.6
CIF-GLB-EQ-02,2025-12-18,30558.3,3640.99,3270.18
CIF-GLB-EQ-02,2025-12-19,30641.76,3650.93,4138.36
CIF-GLB-EQ-02,2025-12-22,30655.86,3652.61,3902.04
CIF-GLB-EQ-02,2025-12-23,30674.18,3654.8,3671.24
CIF-GLB-EQ-02,2025-12-24,30834.57,3673.91,3909.94
CIF-GLB-EQ-02,2025-12-25,30756.22,3664.57,4030.12
CIF-GLB-EQ-02,2025-12-26,30661.81,3653.32,3951.95
CIF-GLB-EQ-02,2025-12-29,30814.67,3671.53,3341.26
CIF-GLB-EQ-02,2025-12-30,30636.81,3650.34,3313.63
CIF-GLB-EQ-02,2025-12-31,30527.86,3637.36,3646.6
CIF-BAL-60-03,2024-12-24,59791.67,7291.67,6871.33
CIF-BAL-60-03,2024-12-25,59987.75,7315.58,6999.11
CIF-BAL-60-03,2024-12-26,59489.21,7254.78,7489.92
CIF-BAL-60-03,2024-12-27,59412.3,7245.4,6466.41
CIF-BAL-60-03,2024-12-30,59232.8,7223.51,5916.77
CIF-BAL-60-03,2024-12-31,59183.29,7217.47,6358.1
CIF-BAL-60-03,2025-01-01,59153.41,7213.83,7627.86
CIF-BAL-60-03,2025-01-02,59247.88,7225.35,6584.42
CIF-BAL-60-03,2025-01-03,59176.32,7216.62,6677.54
CIF-BAL-60-03,2025-01-06,58876.35,7180.04,5992.7
CIF-BAL-60-03,2025-01-07,58917.34,7185.04,7411.35
CIF-BAL-60-03,2025-01-08,58836.69,7175.21,5787.1
CIF-BAL-60-03,2025-01-09,58947.17,7188.68,6885.19
CIF-BAL-60-03,2025-01-10,58657.95,7153.41,6246.36
CIF-BAL-60-03,2025-01-13,58351.79,7116.07,6498.14
CIF-BAL-60-03,2025-01-14,58549.68,7140.21,6153.39
CIF-BAL-60-03,2025-01-15,58533.72,7138.26,6438.47
CIF-BAL-60-03,2025-01-16,58752.04,7164.88,6761.49
CIF-BAL-60-03,2025-01-17,58971.08,7191.6,7183.38
CIF-BAL-60-03,2025-01-20,58840.45,7175.66,7541.76
CIF-BAL-60-03,2025-01-21,58989.08,7193.79,6954.4
CIF-BAL-60-03,2025-01-22,58756.35,7165.41,7248.19
CIF-BAL-60-03,2025-01-23,58931.99,7186.83,5727.65
CIF-BAL-60-03,2025-01-24,58761.87,7166.08,5699.68
CIF-BAL-60-03,2025-01-27,58641.49,7151.4,7481.9
CIF-BAL-60-03,2025-01-28,58633.72,7150.45,6169.41
CIF-BAL-60-03,2025-01-29,58891.05,7181.84,7350.88
CIF-BAL-60-03,2025-01-30,58691.87,7157.54,6907.21
CIF-BAL-60-03,2025-01-31,58576.96,7143.53,6950.44
CIF-BAL-60-03,2025-02-03,58355.2,7116.49,7427.46
CIF-BAL-60-03,2025-02-04,58603.1,7146.72,6821.72
CIF-BAL-60-03,2025-02-05,58670.76,7154.97,7237.96
CIF-BAL-60-03,2025-02-06,58823.07,7173.55,5673.33
CIF-BAL-60-03,2025-02-07,58944.05,7188.3,7032.93
CIF-BAL-60-03,2025-02-10,58943.23,7188.2,6256.95
CIF-BAL-60-03,2025-02-11,58963.81,7190.71,6586.72
CIF-BAL-60-03,2025-02-12,58932.53,7186.89,5923.41
CIF-BAL-60-03,2025-02-13,64674.18,7887.1,6803.44
CIF-BAL-60-03,2025-02-14,64867.52,7910.67,8210.42
CIF-BAL-60-03,2025-02-17,65367.75,7971.68,7650.65
CIF-BAL-60-03,2025-02-18,65186.74,7949.6,7206.98
CIF-BAL-60-03,2025-02-19,65298.46,7963.23,6974.78
CIF-BAL-60-03,2025-02-20,65575.56,7997.02,7225.51
CIF-BAL-60-03,2025-02-21,65542.58,7993.0,7887.97
CIF-BAL-60-03,2025-02-24,65888.67,8035.2,8559.52
CIF-BAL-60-03,2025-02-25,66085.39,8059.19,6667.03
CIF-BAL-60-03,2025-02-26,65953.39,8043.1,8559.0
CIF-BAL-60-03,2025-02-27,65829.74,8028.02,7871.29
CIF-BAL-60-03,2025-02-28,65797.1,8024.04,7261.67
CIF-BAL-60-03,2025-03-03,65768.18,8020.51,6466.96
CIF-BAL-60-03,2025-03-04,65855.79,8031.19,6937.79
CIF-BAL-60-03,2025-03-05,65979.08,8046.23,8565.21
CIF-BAL-60-03,2025-03-06,66204.93,8073.77,7077.33
CIF-BAL-60-03,2025-03-07,66187.02,8071.59,6976.64
CIF-BAL-60-03,2025-03-10,66298.59,8085.19,7148.19
CIF-BAL-60-03,2025-03-11,66369.86,8093.89,8578.57
CIF-BAL-60-03,2025-03-12,65979.05,8046.23,6518.49
CIF-BAL-60-03,2025-03-13,66073.5,8057.74,7346.59
CIF-BAL-60-03,2025-03-14,65796.34,8023.94,8189.45
CIF-BAL-60-03,2025-03-17,65707.66,8013.13,6917.1
CIF-BAL-60-03,2025-03-18,65921.35,8039.19,8542.26
CIF-BAL-60-03,2025-03-19,66141.84,8066.08,7109.32
CIF-BAL-60-03,2025-03-20,66034.15,8052.95,8463.46
CIF-BAL-60-03,2025-03-21,58895.19,7182.34,7671.62
CIF-BAL-60-03,2025-03-24,59057.68,7202.16,7546.24
CIF-BAL-60-03,2025-03-25,59211.53,7220.92,6158.89
CIF-BAL-60-03,2025-03-26,59459.02,7251.1,6208.86
CIF-BAL-60-03,2025-03-27,59724.02,7283.42,7697.61
CIF-BAL-60-03,2025-03-28,59626.14,7271.48,6796.27
CIF-BAL-60-03,2025-03-31,59255.89,7226.33,6977.5
CIF-BAL-60-03,2025-04-01,59336.2,7236.12,7599.63
CIF-BAL-60-03,2025-04-02,59321.14,7234.28,6536.7
CIF-BAL-60-03,2025-04-03,59282.74,7229.6,6283.11
CIF-BAL-60-03,2025-04-04,59493.55,7255.31,5900.04
CIF-BAL-60-03,2025-04-07,59864.3,7300.52,6412.5
CIF-BAL-60-03,2025-04-08,60368.43,7362.0,6554.55
CIF-BAL-60-03,2025-04-09,60371.73,7362.41,6932.36
CIF-BAL-60-03,2025-04-10,60250.27,7347.59,6447.47
CIF-BAL-60-03,2025-04-11,60332.64,7357.64,7145.68
CIF-BAL-60-03,2025-04-14,60297.55,7353.36,7273.34
CIF-BAL-60-03,2025-04-15,60302.1,7353.91,6123.94
CIF-BAL-60-03,2025-04-16,60244.16,7346.85,6372.06
CIF-BAL-60-03,2025-04-17,60577.12,7387.45,7467.17
CIF-BAL-60-03,2025-04-18,60595.58,7389.7,6929.52
CIF-BAL-60-03,2025-04-21,60636.87,7394.74,7348.05
CIF-BAL-60-03,2025-04-22,60697.73,7402.16,7478.92
CIF-BAL-60-03,2025-04-23,60811.43,7416.03,7141.68
CIF-BAL-60-03,2025-04-24,60802.77,7414.97,6100.4
CIF-BAL-60-03,2025-04-25,60643.53,7395.55,7745.93
CIF-BAL-60-03,2025-04-28,60238.99,7346.22,7204.46
CIF-BAL-60-03,2025-04-29,60087.56,7327.75,6364.98
CIF-BAL-60-03,2025-04-30,60498.7,7377.89,6903.21
CIF-BAL-60-03,2025-05-01,60433.83,7369.98,6240.36
CIF-BAL-60-03,2025-05-02,60197.96,7341.21,6320.51
CIF-BAL-60-03,2025-05-05,60259.92,7348.77,7282.84
CIF-BAL-60-03,2025-05-06,60305.45,7354.32,7709.54
CIF-BAL-60-03,2025-05-07,60219.26,7343.81,7139.47
CIF-BAL-60-03,2025-05-08,60366.71,7361.79,6153.28
CIF-BAL-60-03,2025-05-09,59950.83,7311.08,7079.87
CIF-BAL-60-03,2025-05-12,60051.74,7323.38,6336.56
CIF-BAL-60-03,2025-05-13,60076.44,7326.39,7245.67
CIF-BAL-60-03,2025-05-14,59854.77,7299.36,6530.96
CIF-BAL-60-03,2025-05-15,60081.47,7327.01,7754.34
CIF-BAL-60-03,2025-05-16,59846.66,7298.37,6138.56
CIF-BAL-60-03,2025-05-19,59694.84,7279.86,7442.28
CIF-BAL-60-03,2025-05-20,59772.47,7289.33,6576.0
CIF-BAL-60-03,2025-05-21,59965.7,7312.89,7177.56
CIF-BAL-60-03,2025-05-22,60247.51,7347.26,6478.57
CIF-BAL-60-03,2025-05-23,60268.21,7349.78,7021.76
CIF-BAL-60-03,2025-05-26,60459.02,7373.05,6514.08
CIF-BAL-60-03,2025-05-27,60600.25,7390.27,6374.17
CIF-BAL-60-03,2025-05-28,60712.03,7403.91,7115.76
CIF-BAL-60-03,2025-05-29,60672.86,7399.13,6430.88
CIF-BAL-60-03,2025-05-30,60486.47,7376.4,6299.48
CIF-BAL-60-03,2025-06-02,60306.48,7354.45,7319.83
CIF-BAL-60-03,2025-06-03,60220.63,7343.98,6130.94
CIF-BAL-60-03,2025-06-04,60536.35,7382.48,6851.35
CIF-BAL-60-03,2025-06-05,60442.34,7371.02,6209.9
CIF-BAL-60-03,2025-06-06,60396.19,7365.39,6169.11
CIF-BAL-60-03,2025-06-09,60243.89,7346.82,7151.47
CIF-BAL-60-03,2025-06-10,60330.96,7357.43,6468.38
CIF-BAL-60-03,2025-06-11,60298.88,7353.52,6097.56
CIF-BAL-60-03,2025-06-12,60052.09,7323.43,7447.69
CIF-BAL-60-03,2025-06-13,59635.68,7272.64,6987.32
CIF-BAL-60-03,2025-06-16,59507.23,7256.98,5880.58
CIF-BAL-60-03,2025-06-17,59736.58,7284.95,5896.65
CIF-BAL-60-03,2025-06-18,59911.22,7306.25,5786.87
CIF-BAL-60-03,2025-06-19,59865.0,7300.61,7413.73
CIF-BAL-60-03,2025-06-20,59763.15,7288.19,7146.11
CIF-BAL-60-03,2025-06-23,59449.0,7249.88,5731.68
CIF-BAL-60-03,2025-06-24,59466.92,7252.06,5885.85
CIF-BAL-60-03,2025-06-25,59561.99,7263.66,6746.25
CIF-BAL-60-03,2025-06-26,59595.46,7267.74,6260.4
CIF-BAL-60-03,2025-06-27,59698.63,7280.32,6335.4
CIF-BAL-60-03,2025-06-30,59091.5,7206.28,6074.18
CIF-BAL-60-03,2025-07-01,59175.07,7216.47,6793.6
CIF-BAL-60-03,2025-07-02,58976.74,7192.29,6865.94
CIF-BAL-60-03,2025-07-03,59071.6,7203.85,6725.87
CIF-BAL-60-03,2025-07-04,59162.55,7214.95,6401.45
CIF-BAL-60-03,2025-07-07,58680.87,7156.2,6213.41
CIF-BAL-60-03,2025-07-08,58563.16,7141.85,7389.68
CIF-BAL-60-03,2025-07-09,58563.27,7141.86,6347.12
CIF-BAL-60-03,2025-07-10,58509.11,7135.26,5746.92
CIF-BAL-60-03,2025-07-11,58205.6,7098.24,7167.01
CIF-BAL-60-03,2025-07-14,58218.8,7099.85,7166.45
CIF-BAL-60-03,2025-07-15,64195.2,7828.68,6415.25
CIF-BAL-60-03,2025-07-16,64256.84,7836.2,6775.65
CIF-BAL-60-03,2025-07-17,63917.51,7794.82,6295.3
CIF-BAL-60-03,2025-07-18,64108.4,7818.1,6714.62
CIF-BAL-60-03,2025-07-21,64239.55,7834.09,7235.45
CIF-BAL-60-03,2025-07-22,64146.96,7822.8,7011.36
CIF-BAL-60-03,2025-07-23,64212.31,7830.77,7879.41
CIF-BAL-60-03,2025-07-24,64125.33,7820.16,6719.05
CIF-BAL-60-03,2025-07-25,63961.06,7800.13,7067.58
CIF-BAL-60-03,2025-07-28,64067.72,7813.14,8348.12
CIF-BAL-60-03,2025-07-29,64241.59,7834.34,8107.75
CIF-BAL-60-03,2025-07-30,64429.86,7857.3,7664.55
CIF-BAL-60-03,2025-07-31,64599.0,7877.93,7087.44
CIF-BAL-60-03,2025-08-01,64639.16,7882.82,6631.13
CIF-BAL-60-03,2025-08-04,64469.03,7862.08,7909.08
CIF-BAL-60-03,2025-08-05,64353.39,7847.97,7960.62
CIF-BAL-60-03,2025-08-06,64475.35,7862.85,6897.51
CIF-BAL-60-03,2025-08-07,64636.83,7882.54,7849.28
CIF-BAL-60-03,2025-08-08,64595.59,7877.51,7242.08
CIF-BAL-60-03,2025-08-11,64564.78,7873.75,6406.46
CIF-BAL-60-03,2025-08-12,64848.94,7908.41,8086.37
CIF-BAL-60-03,2025-08-13,64974.87,7923.76,7339.6
CIF-BAL-60-03,2025-08-14,64882.56,7912.51,6735.38
CIF-BAL-60-03,2025-08-15,65162.98,7946.7,8117.87
CIF-BAL-60-03,2025-08-18,65029.91,7930.48,6531.82
CIF-BAL-60-03,2025-08-19,64707.92,7891.21,7945.94
CIF-BAL-60-03,2025-08-20,64967.13,7922.82,8439.1
CIF-BAL-60-03,2025-08-21,64751.93,7896.58,7314.15
CIF-BAL-60-03,2025-08-22,64768.91,7898.65,7320.29
CIF-BAL-60-03,2025-08-25,64655.78,7884.85,7152.58
CIF-BAL-60-03,2025-08-26,64713.94,7891.94,7569.63
CIF-BAL-60-03,2025-08-27,64921.06,7917.2,6989.07
CIF-BAL-60-03,2025-08-28,65034.12,7930.99,7679.59
CIF-BAL-60-03,2025-08-29,65252.41,7957.61,7060.85
CIF-BAL-60-03,2025-09-01,64992.62,7925.93,8158.23
CIF-BAL-60-03,2025-09-02,64708.57,7891.29,7625.77
CIF-BAL-60-03,2025-09-03,64880.35,7912.24,8454.21
CIF-BAL-60-03,2025-09-04,64869.55,7910.92,8297.79
CIF-BAL-60-03,2025-09-05,64878.46,7912.01,6412.43
CIF-BAL-60-03,2025-09-08,64873.52,7911.4,6806.05
CIF-BAL-60-03,2025-09-09,64870.49,7911.04,8435.98
CIF-BAL-60-03,2025-09-10,65165.98,7947.07,8067.2
CIF-BAL-60-03,2025-09-11,65106.1,7939.77,7938.96
CIF-BAL-60-03,2025-09-12,64944.23,7920.03,6505.8
CIF-BAL-60-03,2025-09-15,64958.7,7921.79,8461.17
CIF-BAL-60-03,2025-09-16,64837.36,7907.0,7911.93
CIF-BAL-60-03,2025-09-17,64801.28,7902.6,8306.71
CIF-BAL-60-03,2025-09-18,64612.53,7879.58,6350.34
CIF-BAL-60-03,2025-09-19,64301.78,7841.68,6619.67
CIF-BAL-60-03,2025-09-22,63909.11,7793.79,7252.86
CIF-BAL-60-03,2025-09-23,64040.54,7809.82,6939.87
CIF-BAL-60-03,2025-09-24,63743.2,7773.56,8126.66
CIF-BAL-60-03,2025-09-25,64179.46,7826.76,7361.85
CIF-BAL-60-03,2025-09-26,63942.1,7797.82,6720.78
CIF-BAL-60-03,2025-09-29,63530.14,7747.58,7875.15
CIF-BAL-60-03,2025-09-30,63224.56,7710.31,6941.92
CIF-BAL-60-03,2025-10-01,63266.4,7715.41,7855.69
CIF-BAL-60-03,2025-10-02,63565.86,7751.93,7647.61
CIF-BAL-60-03,2025-10-03,63387.19,7730.14,6291.7
CIF-BAL-60-03,2025-10-06,63440.49,7736.64,7087.11
CIF-BAL-60-03,2025-10-07,63355.08,7726.23,6161.41
CIF-BAL-60-03,2025-10-08,63422.23,7734.42,7429.38
CIF-BAL-60-03,2025-10-09,63468.81,7740.1,7784.95
CIF-BAL-60-03,2025-10-10,63332.34,7723.46,6177.15
CIF-BAL-60-03,2025-10-13,63489.82,7742.66,7447.63
CIF-BAL-60-03,2025-10-14,63593.38,7755.29,6831.0
CIF-BAL-60-03,2025-10-15,63973.41,7801.64,7222.42
CIF-BAL-60-03,2025-10-16,64050.53,7811.04,7595.96
CIF-BAL-60-03,2025-10-17,64048.44,7810.79,6748.4
CIF-BAL-60-03,2025-10-20,64332.99,7845.49,6297.79
CIF-BAL-60-03,2025-10-21,61312.8,7477.17,6236.65
CIF-BAL-60-03,2025-10-22,61211.33,7464.8,7660.46
CIF-BAL-60-03,2025-10-23,61360.0,7482.93,6210.89
CIF-BAL-60-03,2025-10-24,61314.78,7477.41,6574.65
CIF-BAL-60-03,2025-10-27,61399.28,7487.72,6158.01
CIF-BAL-60-03,2025-10-28,61346.0,7481.22,7090.72
CIF-BAL-60-03,2025-10-29,61470.77,7496.43,7859.62
CIF-BAL-60-03,2025-10-30,61310.91,7476.94,7713.14
CIF-BAL-60-03,2025-10-31,61337.98,7480.24,6605.49
CIF-BAL-60-03,2025-11-03,61326.67,7478.86,5993.01
CIF-BAL-60-03,2025-11-04,61557.34,7506.99,6569.69
CIF-BAL-60-03,2025-11-05,61655.94,7519.02,7255.96
CIF-BAL-60-03,2025-11-06,61814.66,7538.37,7722.72
CIF-BAL-60-03,2025-11-07,61810.4,7537.85,6477.36
CIF-BAL-60-03,2025-11-10,61819.36,7538.95,7588.62
CIF-BAL-60-03,2025-11-11,61550.23,7506.13,6399.77
CIF-BAL-60-03,2025-11-12,61851.49,7542.87,7833.39
CIF-BAL-60-03,2025-11-13,56682.84,6912.54,5814.41
CIF-BAL-60-03,2025-11-14,56792.33,6925.89,6788.5
CIF-BAL-60-03,2025-11-17,56401.6,6878.24,6142.72
CIF-BAL-60-03,2025-11-18,56347.85,6871.69,6063.82
CIF-BAL-60-03,2025-11-19,56493.15,6889.41,6937.3
CIF-BAL-60-03,2025-11-20,56369.23,6874.3,6090.16
CIF-BAL-60-03,2025-11-21,56109.79,6842.66,6919.2
CIF-BAL-60-03,2025-11-24,56218.61,6855.93,6719.87
CIF-BAL-60-03,2025-11-25,56033.76,6833.39,7229.88
CIF-BAL-60-03,2025-11-26,56129.53,6845.06,6709.59
CIF-BAL-60-03,2025-11-27,56170.74,6850.09,5473.61
CIF-BAL-60-03,2025-11-28,56209.75,6854.85,5899.92
CIF-BAL-60-03,2025-12-01,56108.21,6842.46,6216.22
CIF-BAL-60-03,2025-12-02,56104.41,6842.0,6870.92
CIF-BAL-60-03,2025-12-03,56400.13,6878.06,5868.72
CIF-BAL-60-03,2025-12-04,56419.64,6880.44,6628.19
CIF-BAL-60-03,2025-12-05,56362.31,6873.45,5432.6
CIF-BAL-60-03,2025-12-08,56693.51,6913.84,5702.97
CIF-BAL-60-03,2025-12-09,56830.26,6930.52,6807.45
CIF-BAL-60-03,2025-12-10,56950.0,6945.12,7254.37
CIF-BAL-60-03,2025-12-11,57124.47,6966.4,6869.11
CIF-BAL-60-03,2025-12-12,56824.43,6929.81,5954.35
CIF-BAL-60-03,2025-12-15,57187.72,6974.11,7362.43
CIF-BAL-60-03,2025-12-16,57282.64,6985.69,5737.38
CIF-BAL-60-03,2025-12-17,57307.23,6988.69,6435.6
CIF-BAL-60-03,2025-12-18,57182.09,6973.43,6163.28
CIF-BAL-60-03,2025-12-19,57051.15,6957.46,5688.83
CIF-BAL-60-03,2025-12-22,56959.52,6946.28,6654.37
CIF-BAL-60-03,2025-12-23,56785.46,6925.06,6609.82
CIF-BAL-60-03,2025-12-24,56958.68,6946.18,6289.32
CIF-BAL-60-03,2025-12-25,57057.96,6958.29,7237.12
CIF-BAL-60-03,2025-12-26,57008.26,6952.23,7381.79
CIF-BAL-60-03,2025-12-29,57293.91,6987.06,5951.96
CIF-BAL-60-03,2025-12-30,57420.94,7002.55,6318.97
CIF-BAL-60-03,2025-12-31,57077.73,6960.7,6766.85
CIF-FIX-IN-04,2024-12-24,23775.79,3721.43,4340.06
CIF-FIX-IN-04,2024-12-25,23782.83,3722.53,3668.7
CIF-FIX-IN-04,2024-12-26,23633.92,3699.22,4472.71
CIF-FIX-IN-04,2024-12-27,23565.06,3688.44,3744.12
CIF-FIX-IN-04,2024-12-30,23530.68,3683.06,4502.84
CIF-FIX-IN-04,2024-12-31,23471.86,3673.86,3833.66
CIF-FIX-IN-04,2025-01-01,23468.99,3673.41,3914.52
CIF-FIX-IN-04,2025-01-02,23480.74,3675.25,3560.76
CIF-FIX-IN-04,2025-01-03,23450.7,3670.54,3660.72
CIF-FIX-IN-04,2025-01-06,23390.84,3661.18,4114.83
CIF-FIX-IN-04,2025-01-07,23364.43,3657.04,3492.35
CIF-FIX-IN-04,2025-01-08,23291.49,3645.63,4212.02
CIF-FIX-IN-04,2025-01-09,23324.29,3650.76,4382.56
CIF-FIX-IN-04,2025-01-10,23182.02,3628.49,3984.23
CIF-FIX-IN-04,2025-01-13,24238.38,3793.83,3742.89
CIF-FIX-IN-04,2025-01-14,24261.11,3797.39,3797.42
CIF-FIX-IN-04,2025-01-15,24292.47,3802.3,3854.37
CIF-FIX-IN-04,2025-01-16,24352.01,3811.62,4331.36
CIF-FIX-IN-04,2025-01-17,24291.54,3802.15,3644.1
CIF-FIX-IN-04,2025-01-20,24244.9,3794.85,4522.69
CIF-FIX-IN-04,2025-01-21,24246.86,3795.16,4558.63
CIF-FIX-IN-04,2025-01-22,24161.09,3781.74,4577.09
CIF-FIX-IN-04,2025-01-23,24200.93,3787.97,3519.83
CIF-FIX-IN-04,2025-01-24,24139.53,3778.36,3544.82
CIF-FIX-IN-04,2025-01-27,24119.61,3775.24,3845.44
CIF-FIX-IN-04,2025-01-28,24135.26,3777.69,4144.21
CIF-FIX-IN-04,2025-01-29,24176.89,3784.21,3804.16
CIF-FIX-IN-04,2025-01-30,24077.51,3768.65,3480.35
CIF-FIX-IN-04,2025-01-31,24055.08,3765.14,3521.67
CIF-FIX-IN-04,2025-02-03,23942.83,3747.57,3820.43
CIF-FIX-IN-04,2025-02-04,24021.28,3759.85,4491.04
CIF-FIX-IN-04,2025-02-05,24078.65,3768.83,3715.14
CIF-FIX-IN-04,2025-02-06,24088.77,3770.42,4391.57
CIF-FIX-IN-04,2025-02-07,24135.98,3777.81,4074.32
CIF-FIX-IN-04,2025-02-10,24126.66,3776.35,3459.96
CIF-FIX-IN-04,2025-02-11,24143.53,3778.99,4145.17
CIF-FIX-IN-04,2025-02-12,24185.63,3785.58,4272.05
CIF-FIX-IN-04,2025-02-13,24274.28,3799.45,3830.75
CIF-FIX-IN-04,2025-02-14,24334.71,3808.91,4619.8
CIF-FIX-IN-04,2025-02-17,23229.86,3635.98,3772.2
CIF-FIX-IN-04,2025-02-18,23148.67,3623.27,3739.85
CIF-FIX-IN-04,2025-02-19,23208.76,3632.68,3456.24
CIF-FIX-IN-04,2025-02-20,23296.68,3646.44,3742.07
CIF-FIX-IN-04,2025-02-21,23345.56,3654.09,4111.43
CIF-FIX-IN-04,2025-02-24,23484.8,3675.88,3720.05
CIF-FIX-IN-04,2025-02-25,23523.66,3681.96,4379.0
CIF-FIX-IN-04,2025-02-26,23519.09,3681.25,3767.02
CIF-FIX-IN-04,2025-02-27,23488.92,3676.53,3751.93
CIF-FIX-IN-04,2025-02-28,23489.4,3676.6,3464.89
CIF-FIX-IN-04,2025-03-03,23482.75,3675.56,3761.27
CIF-FIX-IN-04,2025-03-04,23437.44,3668.47,4263.05
CIF-FIX-IN-04,2025-03-05,23477.61,3674.76,4413.47
CIF-FIX-IN-04,2025-03-06,23580.84,3690.91,3480.74
CIF-FIX-IN-04,2025-03-07,23515.23,3680.64,4379.27
CIF-FIX-IN-04,2025-03-10,23579.61,3690.72,3665.3
CIF-FIX-IN-04,2025-03-11,23557.01,3687.18,4256.15
CIF-FIX-IN-04,2025-03-12,23348.46,3654.54,4298.19
CIF-FIX-IN-04,2025-03-13,23306.9,3648.04,3463.6
CIF-FIX-IN-04,2025-03-14,23356.4,3655.78,4015.02
CIF-FIX-IN-04,2025-03-17,23288.83,3645.21,4067.83
CIF-FIX-IN-04,2025-03-18,23309.28,3648.41,4446.67
CIF-FIX-IN-04,2025-03-19,23355.12,3655.58,4282.45
CIF-FIX-IN-04,2025-03-20,23352.11,3655.11,3517.68
CIF-FIX-IN-04,2025-03-21,23338.02,3652.91,3752.17
CIF-FIX-IN-04,2025-03-24,23477.99,3674.82,3381.17
CIF-FIX-IN-04,2025-03-25,23558.88,3687.48,3484.46
CIF-FIX-IN-04,2025-03-26,23583.32,3691.3,3489.56
CIF-FIX-IN-04,2025-03-27,23732.57,3714.66,4392.87
CIF-FIX-IN-04,2025-03-28,23684.49,3707.14,4200.06
CIF-FIX-IN-04,2025-03-31,23415.33,3665.01,4229.07
CIF-FIX-IN-04,2025-04-01,23455.07,3671.23,4494.73
CIF-FIX-IN-04,2025-04-02,23368.45,3657.67,3388.6
CIF-FIX-IN-04,2025-04-03,23339.93,3653.21,4391.78
CIF-FIX-IN-04,2025-04-04,23374.9,3658.68,4126.55
CIF-FIX-IN-04,2025-04-07,23537.78,3684.17,4304.15
CIF-FIX-IN-04,2025-04-08,23711.75,3711.41,4089.11
CIF-FIX-IN-04,2025-04-09,23773.02,3720.99,4185.23
CIF-FIX-IN-04,2025-04-10,23722.96,3713.16,4448.41
CIF-FIX-IN-04,2025-04-11,21158.26,3311.73,3164.99
CIF-FIX-IN-04,2025-04-14,21156.31,3311.42,3551.99
CIF-FIX-IN-04,2025-04-15,21181.61,3315.38,3635.82
CIF-FIX-IN-04,2025-04-16,21146.35,3309.86,3747.9
CIF-FIX-IN-04,2025-04-17,21309.93,3335.47,3736.52
CIF-FIX-IN-04,2025-04-18,21314.33,3336.16,3143.5
CIF-FIX-IN-04,2025-04-21,21410.28,3351.17,3840.96
CIF-FIX-IN-04,2025-04-22,21389.38,3347.9,3777.93
CIF-FIX-IN-04,2025-04-23,21409.36,3351.03,3949.09
CIF-FIX-IN-04,2025-04-24,21417.63,3352.33,3417.59
CIF-FIX-IN-04,2025-04-25,21343.58,3340.73,3295.0
CIF-FIX-IN-04,2025-04-28,21228.5,3322.72,3077.5
CIF-FIX-IN-04,2025-04-29,21223.35,3321.92,3562.52
CIF-FIX-IN-04,2025-04-30,21355.78,3342.64,3137.44
CIF-FIX-IN-04,2025-05-01,21350.06,3341.75,3422.84
CIF-FIX-IN-04,2025-05-02,21290.57,3332.44,3140.48
CIF-FIX-IN-04,2025-05-05,21292.08,3332.67,3761.36
CIF-FIX-IN-04,2025-05-06,21350.43,3341.81,3241.03
CIF-FIX-IN-04,2025-05-07,21239.97,3324.52,3122.65
CIF-FIX-IN-04,2025-05-08,21252.78,3326.52,3722.13
CIF-FIX-IN-04,2025-05-09,21121.25,3305.93,3974.2
CIF-FIX-IN-04,2025-05-12,21096.35,3302.04,3841.11
CIF-FIX-IN-04,2025-05-13,20998.89,3286.78,3356.07
CIF-FIX-IN-04,2025-05-14,20899.06,3271.16,3358.74
CIF-FIX-IN-04,2025-05-15,21018.7,3289.88,4018.8
CIF-FIX-IN-04,2025-05-16,20909.75,3272.83,3975.53
CIF-FIX-IN-04,2025-05-19,20820.34,3258.84,3940.53
CIF-FIX-IN-04,2025-05-20,20803.72,3256.23,3094.46
CIF-FIX-IN-04,2025-05-21,20866.62,3266.08,3833.53
CIF-FIX-IN-04,2025-05-22,20948.41,3278.88,3166.31
CIF-FIX-IN-04,2025-05-23,20950.97,3279.28,3710.76
CIF-FIX-IN-04,2025-05-26,21041.58,3293.46,4037.09
CIF-FIX-IN-04,2025-05-27,21015.15,3289.33,3009.56
CIF-FIX-IN-04,2025-05-28,21073.83,3298.51,3504.45
CIF-FIX-IN-04,2025-05-29,21086.65,3300.52,3697.34
CIF-FIX-IN-04,2025-05-30,21056.73,3295.84,3689.1
CIF-FIX-IN-04,2025-06-02,20979.44,3283.74,3750.48
CIF-FIX-IN-04,2025-06-03,20959.98,3280.69,3153.2
CIF-FIX-IN-04,2025-06-04,21107.29,3303.75,3177.71
CIF-FIX-IN-04,2025-06-05,21055.45,3295.64,3179.03
CIF-FIX-IN-04,2025-06-06,21025.43,3290.94,3351.28
CIF-FIX-IN-04,2025-06-09,20922.1,3274.76,3228.31
CIF-FIX-IN-04,2025-06-10,20938.66,3277.36,3784.65
CIF-FIX-IN-04,2025-06-11,20929.68,3275.95,3867.1
CIF-FIX-IN-04,2025-06-12,20831.37,3260.56,3209.47
CIF-FIX-IN-04,2025-06-13,20741.05,3246.43,3694.33
CIF-FIX-IN-04,2025-06-16,20703.68,3240.58,3424.26
CIF-FIX-IN-04,2025-06-17,20780.62,3252.62,2980.37
CIF-FIX-IN-04,2025-06-18,20762.01,3249.71,3012.94
CIF-FIX-IN-04,2025-06-19,20732.03,3245.01,2970.12
CIF-FIX-IN-04,2025-06-20,20719.19,3243.0,3717.05
CIF-FIX-IN-04,2025-06-23,20562.31,3218.45,3165.45
CIF-FIX-IN-04,2025-06-24,20624.99,3228.26,2951.71
CIF-FIX-IN-04,2025-06-25,20630.46,3229.12,3682.2
CIF-FIX-IN-04,2025-06-26,20649.84,3232.15,3578.37
CIF-FIX-IN-04,2025-06-27,20695.77,3239.34,3265.21
CIF-FIX-IN-04,2025-06-30,20564.74,3218.83,3432.87
CIF-FIX-IN-04,2025-07-01,20607.14,3225.47,3664.22
CIF-FIX-IN-04,2025-07-02,20497.46,3208.3,3822.18
CIF-FIX-IN-04,2025-07-03,20491.52,3207.37,3807.33
CIF-FIX-IN-04,2025-07-04,20543.68,3215.53,3070.78
CIF-FIX-IN-04,2025-07-07,20448.48,3200.63,3417.7
CIF-FIX-IN-04,2025-07-08,20473.47,3204.54,3565.9
CIF-FIX-IN-04,2025-07-09,20477.08,3205.11,3374.88
CIF-FIX-IN-04,2025-07-10,20451.05,3201.03,2935.61
CIF-FIX-IN-04,2025-07-11,20351.79,3185.5,3081.16
CIF-FIX-IN-04,2025-07-14,20349.08,3185.07,3775.87
CIF-FIX-IN-04,2025-07-15,20281.15,3174.44,3818.47
CIF-FIX-IN-04,2025-07-16,20271.19,3172.88,3192.99
CIF-FIX-IN-04,2025-07-17,20153.5,3154.46,3523.99
CIF-FIX-IN-04,2025-07-18,20222.14,3165.21,2914.14
CIF-FIX-IN-04,2025-07-21,20201.76,3162.02,3644.42
CIF-FIX-IN-04,2025-07-22,20177.04,3158.14,2950.75
CIF-FIX-IN-04,2025-07-23,20198.2,3161.46,3164.02
CIF-FIX-IN-04,2025-07-24,20240.86,3168.13,3744.24
CIF-FIX-IN-04,2025-07-25,20206.07,3162.69,3360.27
CIF-FIX-IN-04,2025-07-28,20272.98,3173.16,3531.08
CIF-FIX-IN-04,2025-07-29,20271.45,3172.92,3874.83
CIF-FIX-IN-04,2025-07-30,20398.13,3192.75,3861.79
CIF-FIX-IN-04,2025-07-31,20383.78,3190.5,3269.52
CIF-FIX-IN-04,2025-08-01,20330.62,3182.18,3734.9
CIF-FIX-IN-04,2025-08-04,20307.69,3178.6,3165.26
CIF-FIX-IN-04,2025-08-05,20275.29,3173.52,3078.6
CIF-FIX-IN-04,2025-08-06,20323.94,3181.14,3208.17
CIF-FIX-IN-04,2025-08-07,20375.43,3189.2,3687.17
CIF-FIX-IN-04,2025-08-08,20413.79,3195.2,2951.15
CIF-FIX-IN-04,2025-08-11,20426.04,3197.12,3762.41
CIF-FIX-IN-04,2025-08-12,20442.64,3199.72,3451.74
CIF-FIX-IN-04,2025-08-13,20479.07,3205.42,3905.95
CIF-FIX-IN-04,2025-08-14,20445.68,3200.19,2985.44
CIF-FIX-IN-04,2025-08-15,20547.24,3216.09,3902.77
CIF-FIX-IN-04,2025-08-18,20549.02,3216.37,3310.72
CIF-FIX-IN-04,2025-08-19,20459.49,3202.36,3227.23
CIF-FIX-IN-04,2025-08-20,20555.94,3217.45,3830.34
CIF-FIX-IN-04,2025-08-21,20525.94,3212.76,2999.75
CIF-FIX-IN-04,2025-08-22,20509.04,3210.11,3612.81
CIF-FIX-IN-04,2025-08-25,20473.14,3204.49,3520.52
CIF-FIX-IN-04,2025-08-26,20462.47,3202.82,3839.0
CIF-FIX-IN-04,2025-08-27,20433.73,3198.32,3542.58
CIF-FIX-IN-04,2025-08-28,20576.0,3220.59,3592.17
CIF-FIX-IN-04,2025-08-29,20691.98,3238.74,3077.91
CIF-FIX-IN-04,2025-09-01,20597.75,3224.0,3740.07
CIF-FIX-IN-04,2025-09-02,20529.22,3213.27,3079.38
CIF-FIX-IN-04,2025-09-03,20647.49,3231.78,3008.03
CIF-FIX-IN-04,2025-09-04,20663.09,3234.22,3762.03
CIF-FIX-IN-04,2025-09-05,20628.1,3228.75,3949.05
CIF-FIX-IN-04,2025-09-08,20618.35,3227.22,3388.27
CIF-FIX-IN-04,2025-09-09,20668.49,3235.07,3461.97
CIF-FIX-IN-04,2025-09-10,20697.96,3239.68,3383.34
CIF-FIX-IN-04,2025-09-11,20720.1,3243.15,3283.43
CIF-FIX-IN-04,2025-09-12,20600.61,3224.44,2972.5
CIF-FIX-IN-04,2025-09-15,20533.54,3213.95,3034.04
CIF-FIX-IN-04,2025-09-16,20461.66,3202.69,3089.74
CIF-FIX-IN-04,2025-09-17,20469.2,3203.87,2944.29
CIF-FIX-IN-04,2025-09-18,20453.12,3201.36,3300.44
CIF-FIX-IN-04,2025-09-19,20293.79,3176.42,3740.29
CIF-FIX-IN-04,2025-09-22,20171.23,3157.24,3656.65
CIF-FIX-IN-04,2025-09-23,20237.59,3167.62,3564.29
CIF-FIX-IN-04,2025-09-24,20107.78,3147.3,3355.14
CIF-FIX-IN-04,2025-09-25,20176.15,3158.01,3201.75
CIF-FIX-IN-04,2025-09-26,20125.24,3150.04,3376.27
CIF-FIX-IN-04,2025-09-29,20096.4,3145.52,3056.56
CIF-FIX-IN-04,2025-09-30,20002.23,3130.78,3000.04
CIF-FIX-IN-04,2025-10-01,20056.75,3139.32,3562.77
CIF-FIX-IN-04,2025-10-02,20105.71,3146.98,3684.35
CIF-FIX-IN-04,2025-10-03,20072.09,3141.72,3732.68
CIF-FIX-IN-04,2025-10-06,20155.59,3154.79,3180.31
CIF-FIX-IN-04,2025-10-07,20123.66,3149.79,3092.79
CIF-FIX-IN-04,2025-10-08,20231.41,3166.66,3440.12
CIF-FIX-IN-04,2025-10-09,20248.99,3169.41,3325.41
CIF-FIX-IN-04,2025-10-10,20292.8,3176.26,3480.92
CIF-FIX-IN-04,2025-10-13,20308.92,3178.79,3600.98
CIF-FIX-IN-04,2025-10-14,20310.61,3179.05,3643.03
CIF-FIX-IN-04,2025-10-15,20419.12,3196.04,3541.44
CIF-FIX-IN-04,2025-10-16,20435.46,3198.59,3766.27
CIF-FIX-IN-04,2025-10-17,20408.99,3194.45,3273.2
CIF-FIX-IN-04,2025-10-20,20520.0,3211.83,2978.27
CIF-FIX-IN-04,2025-10-21,20416.0,3195.55,3424.37
CIF-FIX-IN-04,2025-10-22,20349.96,3185.21,3396.66
CIF-FIX-IN-04,2025-10-23,20397.94,3192.72,3171.73
CIF-FIX-IN-04,2025-10-24,20394.39,3192.16,3018.68
CIF-FIX-IN-04,2025-10-27,20450.7,3200.98,3581.09
CIF-FIX-IN-04,2025-10-28,20366.12,3187.74,3623.18
CIF-FIX-IN-04,2025-10-29,20337.13,3183.2,3874.28
CIF-FIX-IN-04,2025-10-30,20336.98,3183.18,3186.4
CIF-FIX-IN-04,2025-10-31,20342.63,3184.06,3851.28
CIF-FIX-IN-04,2025-11-03,20328.35,3181.83,3207.14
CIF-FIX-IN-04,2025-11-04,20336.64,3183.13,3260.69
CIF-FIX-IN-04,2025-11-05,20338.55,3183.43,3759.63
CIF-FIX-IN-04,2025-11-06,20365.19,3187.6,3014.49
CIF-FIX-IN-04,2025-11-07,20325.71,3181.42,3225.91
CIF-FIX-IN-04,2025-11-10,20327.18,3181.64,3717.65
CIF-FIX-IN-04,2025-11-11,20331.62,3182.34,3317.19
CIF-FIX-IN-04,2025-11-12,20438.58,3199.08,3568.66
CIF-FIX-IN-04,2025-11-13,20395.62,3192.36,3371.87
CIF-FIX-IN-04,2025-11-14,20463.12,3202.92,3441.1
CIF-FIX-IN-04,2025-11-17,20357.04,3186.32,3593.57
CIF-FIX-IN-04,2025-11-18,20353.01,3185.69,3491.8
CIF-FIX-IN-04,2025-11-19,20446.74,3200.36,3450.22
CIF-FIX-IN-04,2025-11-20,20393.88,3192.09,3698.46
CIF-FIX-IN-04,2025-11-21,22063.78,3453.46,3475.53
CIF-FIX-IN-04,2025-11-24,22114.77,3461.44,3897.91
CIF-FIX-IN-04,2025-11-25,22132.77,3464.26,4030.17
CIF-FIX-IN-04,2025-11-26,22132.57,3464.23,3496.19
CIF-FIX-IN-04,2025-11-27,22122.95,3462.72,4052.21
CIF-FIX-IN-04,2025-11-28,22136.71,3464.88,3569.66
CIF-FIX-IN-04,2025-12-01,22055.69,3452.2,3270.53
CIF-FIX-IN-04,2025-12-02,22008.35,3444.79,3893.37
CIF-FIX-IN-04,2025-12-03,22059.64,3452.81,4227.27
CIF-FIX-IN-04,2025-12-04,22039.75,3449.7,3575.2
CIF-FIX-IN-04,2025-12-05,22055.83,3452.22,3995.55
CIF-FIX-IN-04,2025-12-08,22091.46,3457.79,3620.11
CIF-FIX-IN-04,2025-12-09,22116.04,3461.64,3932.89
CIF-FIX-IN-04,2025-12-10,22094.74,3458.31,3321.1
CIF-FIX-IN-04,2025-12-11,22179.78,3471.62,3675.81
CIF-FIX-IN-04,2025-12-12,22070.12,3454.45,3568.01
CIF-FIX-IN-04,2025-12-15,22144.33,3466.07,4239.75
CIF-FIX-IN-04,2025-12-16,20295.33,3176.66,3854.57
CIF-FIX-IN-04,2025-12-17,20332.12,3182.42,3310.0
CIF-FIX-IN-04,2025-12-18,20371.9,3188.65,3415.45
CIF-FIX-IN-04,2025-12-19,20303.02,3177.86,3710.23
CIF-FIX-IN-04,2025-12-22,20218.39,3164.62,3470.49
CIF-FIX-IN-04,2025-12-23,20246.58,3169.03,3116.15
CIF-FIX-IN-04,2025-12-24,20215.04,3164.09,3882.66
CIF-FIX-IN-04,2025-12-25,20245.35,3168.84,3670.24
CIF-FIX-IN-04,2025-12-26,20262.86,3171.58,3035.33
CIF-FIX-IN-04,2025-12-29,20351.47,3185.45,3596.02
CIF-FIX-IN-04,2025-12-30,20381.74,3190.18,3767.27
CIF-FIX-IN-04,2025-12-31,20198.24,3161.46,3013.75
CIF-USD-EQ-05,2024-12-24,29349.21,3549.21,2438.29
CIF-USD-EQ-05,2024-12-25,29389.69,3554.1,2728.26
CIF-USD-EQ-05,2024-12-26,29170.0,3527.54,2231.67
CIF-USD-EQ-05,2024-12-27,29315.2,3545.09,2649.29
CIF-USD-EQ-05,2024-12-30,29375.89,3552.43,2181.78
CIF-USD-EQ-05,2024-12-31,29433.21,3559.36,2235.66
CIF-USD-EQ-05,2025-01-01,29234.45,3535.33,2296.19
CIF-USD-EQ-05,2025-01-02,29343.33,3548.5,2438.11
CIF-USD-EQ-05,2025-01-03,29257.88,3538.16,2614.85
CIF-USD-EQ-05,2025-01-06,29345.18,3548.72,2358.87
CIF-USD-EQ-05,2025-01-07,29593.05,3578.69,2339.68
CIF-USD-EQ-05,2025-01-08,29825.48,3606.8,2152.01
CIF-USD-EQ-05,2025-01-09,29683.15,3589.59,2482.86
CIF-USD-EQ-05,2025-01-10,29609.24,3580.65,2314.31
CIF-USD-EQ-05,2025-01-13,29525.42,3570.52,2787.29
CIF-USD-EQ-05,2025-01-14,29708.38,3592.64,2250.57
CIF-USD-EQ-05,2025-01-15,29664.72,3587.36,2255.41
CIF-USD-EQ-05,2025-01-16,29765.38,3599.53,2263.21
CIF-USD-EQ-05,2025-01-17,30011.69,3629.32,2119.42
CIF-USD-EQ-05,2025-01-20,29804.85,3604.31,2596.47
CIF-USD-EQ-05,2025-01-21,30004.99,3628.51,2421.09
CIF-USD-EQ-05,2025-01-22,29852.29,3610.04,2230.87
CIF-USD-EQ-05,2025-01-23,29989.0,3626.58,2394.32
CIF-USD-EQ-05,2025-01-24,30035.29,3632.18,2590.72
CIF-USD-EQ-05,2025-01-27,29972.49,3624.58,2398.84
CIF-USD-EQ-05,2025-01-28,29998.26,3627.7,2490.06
CIF-USD-EQ-05,2025-01-29,30213.71,3653.75,2245.48
CIF-USD-EQ-05,2025-01-30,30085.42,3638.24,2699.4
CIF-USD-EQ-05,2025-01-31,29820.61,3606.21,2605.02
CIF-USD-EQ-05,2025-02-03,29786.05,3602.03,2320.42
CIF-USD-EQ-05,2025-02-04,29868.16,3611.96,2258.37
CIF-USD-EQ-05,2025-02-05,29741.04,3596.59,2715.64
CIF-USD-EQ-05,2025-02-06,29678.72,3589.06,2662.63
CIF-USD-EQ-05,2025-02-07,29753.39,3598.08,2433.65
CIF-USD-EQ-05,2025-02-10,29779.19,3601.2,2769.97
CIF-USD-EQ-05,2025-02-11,30002.08,3628.16,2639.48
CIF-USD-EQ-05,2025-02-12,29779.85,3601.28,2203.12
CIF-USD-EQ-05,2025-02-13,29669.49,3587.94,2292.22
CIF-USD-EQ-05,2025-02-14,29760.29,3598.92,2224.48
CIF-USD-EQ-05,2025-02-17,29822.53,3606.45,2337.03
CIF-USD-EQ-05,2025-02-18,29724.43,3594.58,2368.1
CIF-USD-EQ-05,2025-02-19,29910.3,3617.06,2378.49
CIF-USD-EQ-05,2025-02-20,30109.72,3641.17,2393.08
CIF-USD-EQ-05,2025-02-21,30187.37,3650.57,2304.14
CIF-USD-EQ-05,2025-02-24,30201.15,3652.23,2572.95
CIF-USD-EQ-05,2025-02-25,30254.18,3658.64,2251.93
CIF-USD-EQ-05,2025-02-26,30241.64,3657.13,2141.7
CIF-USD-EQ-05,2025-02-27,30188.09,3650.65,2254.51
CIF-USD-EQ-05,2025-02-28,30331.1,3667.95,2748.32
CIF-USD-EQ-05,2025-03-03,30119.75,3642.39,2632.28
CIF-USD-EQ-05,2025-03-04,30129.49,3643.57,2378.45
CIF-USD-EQ-05,2025-03-05,30240.27,3656.96,2433.35
CIF-USD-EQ-05,2025-03-06,30401.17,3676.42,2265.33
CIF-USD-EQ-05,2025-03-07,30411.94,3677.72,2589.67
CIF-USD-EQ-05,2025-03-10,30479.89,3685.94,2529.52
CIF-USD-EQ-05,2025-03-11,30556.32,3695.18,2493.76
CIF-USD-EQ-05,2025-03-12,30681.97,3710.38,2584.15
CIF-USD-EQ-05,2025-03-13,30813.22,3726.25,2626.81
CIF-USD-EQ-05,2025-03-14,30438.7,3680.96,2525.28
CIF-USD-EQ-05,2025-03-17,30475.85,3685.45,2601.26
CIF-USD-EQ-05,2025-03-18,30599.7,3700.43,2205.35
CIF-USD-EQ-05,2025-03-19,30572.37,3697.12,2562.46
CIF-USD-EQ-05,2025-03-20,30360.39,3671.49,2635.83
CIF-USD-EQ-05,2025-03-21,30252.0,3658.38,2436.85
CIF-USD-EQ-05,2025-03-24,30361.68,3671.64,2325.35
CIF-USD-EQ-05,2025-03-25,30354.44,3670.77,2159.6
CIF-USD-EQ-05,2025-03-26,30327.08,3667.46,2404.62
CIF-USD-EQ-05,2025-03-27,30426.92,3679.53,2470.34
CIF-USD-EQ-05,2025-03-28,30293.17,3663.36,2632.84
CIF-USD-EQ-05,2025-03-31,30431.07,3680.04,2136.36
CIF-USD-EQ-05,2025-04-01,30324.85,3667.19,2340.65
CIF-USD-EQ-05,2025-04-02,30261.44,3659.52,2590.63
CIF-USD-EQ-05,2025-04-03,30245.69,3657.62,2475.05
CIF-USD-EQ-05,2025-04-04,30287.85,3662.72,2331.96
CIF-USD-EQ-05,2025-04-07,30639.61,3705.25,2447.65
CIF-USD-EQ-05,2025-04-08,30779.97,3722.23,2741.22
CIF-USD-EQ-05,2025-04-09,30678.31,3709.93,2484.58
CIF-USD-EQ-05,2025-04-10,30648.45,3706.32,2621.04
CIF-USD-EQ-05,2025-04-11,30602.72,3700.79,2190.35
CIF-USD-EQ-05,2025-04-14,30515.26,3690.22,2703.63
CIF-USD-EQ-05,2025-04-15,30447.5,3682.02,2185.07
CIF-USD-EQ-05,2025-04-16,30635.28,3704.73,2741.74
CIF-USD-EQ-05,2025-04-17,30612.08,3701.93,2713.39
CIF-USD-EQ-05,2025-04-18,30468.22,3684.53,2696.84
CIF-USD-EQ-05,2025-04-21,28421.62,3437.03,2259.46
CIF-USD-EQ-05,2025-04-22,28443.7,3439.7,2069.04
CIF-USD-EQ-05,2025-04-23,28414.62,3436.19,2612.53
CIF-USD-EQ-05,2025-04-24,28191.27,3409.18,2471.75
CIF-USD-EQ-05,2025-04-25,28172.47,3406.9,2543.15
CIF-USD-EQ-05,2025-04-28,28345.36,3427.81,2598.45
CIF-USD-EQ-05,2025-04-29,28346.41,3427.94,2065.92
CIF-USD-EQ-05,2025-04-30,28426.46,3437.62,2212.97
CIF-USD-EQ-05,2025-05-01,28454.91,3441.06,2089.66
CIF-USD-EQ-05,2025-05-02,28302.01,3422.57,2553.31
CIF-USD-EQ-05,2025-05-05,28338.29,3426.96,2547.29
CIF-USD-EQ-05,2025-05-06,28379.59,3431.95,2343.89
CIF-USD-EQ-05,2025-05-07,28312.71,3423.86,2579.46
CIF-USD-EQ-05,2025-05-08,28256.42,3417.06,2620.55
CIF-USD-EQ-05,2025-05-09,28136.19,3402.52,2517.4
CIF-USD-EQ-05,2025-05-12,28346.76,3427.98,2566.73
CIF-USD-EQ-05,2025-05-13,28621.0,3461.14,2364.15
CIF-USD-EQ-05,2025-05-14,28529.26,3450.05,2220.17
CIF-USD-EQ-05,2025-05-15,29726.39,3594.82,2098.02
CIF-USD-EQ-05,2025-05-16,29446.71,3561.0,2726.54
CIF-USD-EQ-05,2025-05-19,29221.99,3533.82,2081.03
CIF-USD-EQ-05,2025-05-20,29366.01,3551.24,2766.29
CIF-USD-EQ-05,2025-05-21,29233.23,3535.18,2504.08
CIF-USD-EQ-05,2025-05-22,29140.56,3523.98,2268.59
CIF-USD-EQ-05,2025-05-23,29201.76,3531.38,2216.2
CIF-USD-EQ-05,2025-05-26,29191.41,3530.12,2246.61
CIF-USD-EQ-05,2025-05-27,29461.34,3562.77,2181.52
CIF-USD-EQ-05,2025-05-28,29544.83,3572.86,2463.88
CIF-USD-EQ-05,2025-05-29,29359.23,3550.42,2345.63
CIF-USD-EQ-05,2025-05-30,29427.22,3558.64,2114.52
CIF-USD-EQ-05,2025-06-02,29578.9,3576.98,2617.69
CIF-USD-EQ-05,2025-06-03,29654.55,3586.13,2699.15
CIF-USD-EQ-05,2025-06-04,30000.84,3628.01,2762.61
CIF-USD-EQ-05,2025-06-05,30004.32,3628.43,2393.62
CIF-USD-EQ-05,2025-06-06,30072.88,3636.72,2356.47
CIF-USD-EQ-05,2025-06-09,30227.57,3655.43,2257.96
CIF-USD-EQ-05,2025-06-10,30314.43,3665.93,2479.81
CIF-USD-EQ-05,2025-06-11,30326.84,3667.43,2165.72
CIF-USD-EQ-05,2025-06-12,26970.56,3261.56,2029.89
CIF-USD-EQ-05,2025-06-13,26827.52,3244.26,2052.52
CIF-USD-EQ-05,2025-06-16,26852.49,3247.28,2392.04
CIF-USD-EQ-05,2025-06-17,26798.15,3240.71,2287.56
CIF-USD-EQ-05,2025-06-18,26997.53,3264.82,2237.56
CIF-USD-EQ-05,2025-06-19,27287.46,3299.88,2356.22
CIF-USD-EQ-05,2025-06-20,27266.28,3297.32,2176.01
CIF-USD-EQ-05,2025-06-23,27325.72,3304.51,2560.68
CIF-USD-EQ-05,2025-06-24,27282.89,3299.33,2210.85
CIF-USD-EQ-05,2025-06-25,27396.51,3313.07,2472.13
CIF-USD-EQ-05,2025-06-26,27412.23,3314.97,2347.95
CIF-USD-EQ-05,2025-06-27,27586.46,3336.04,2118.08
CIF-USD-EQ-05,2025-06-30,27571.29,3334.2,2140.49
CIF-USD-EQ-05,2025-07-01,27610.64,3338.96,2448.11
CIF-USD-EQ-05,2025-07-02,27564.98,3333.44,2140.22
CIF-USD-EQ-05,2025-07-03,27772.04,3358.48,2078.48
CIF-USD-EQ-05,2025-07-04,27596.95,3337.31,2304.06
CIF-USD-EQ-05,2025-07-07,27698.81,3349.62,2166.38
CIF-USD-EQ-05,2025-07-08,27457.98,3320.5,2221.66
CIF-USD-EQ-05,2025-07-09,27389.5,3312.22,2483.8
CIF-USD-EQ-05,2025-07-10,27532.92,3329.56,2600.39
CIF-USD-EQ-05,2025-07-11,27510.32,3326.83,2503.28
CIF-USD-EQ-05,2025-07-14,27487.67,3324.09,2004.62
CIF-USD-EQ-05,2025-07-15,27410.56,3314.77,1940.97
CIF-USD-EQ-05,2025-07-16,27613.39,3339.29,2089.34
CIF-USD-EQ-05,2025-07-17,27868.1,3370.1,2091.77
CIF-USD-EQ-05,2025-07-18,27713.63,3351.42,2286.03
CIF-USD-EQ-05,2025-07-21,27584.28,3335.77,2569.07
CIF-USD-EQ-05,2025-07-22,27694.76,3349.13,2042.24
CIF-USD-EQ-05,2025-07-23,27811.43,3363.24,2528.73
CIF-USD-EQ-05,2025-07-24,27593.74,3336.92,2535.04
CIF-USD-EQ-05,2025-07-25,27634.42,3341.84,1994.94
CIF-USD-EQ-05,2025-07-28,27371.85,3310.08,2461.1
CIF-USD-EQ-05,2025-07-29,27485.27,3323.8,2360.38
CIF-USD-EQ-05,2025-07-30,27425.29,3316.55,2166.33
CIF-USD-EQ-05,2025-07-31,27448.15,3319.31,2086.3
CIF-USD-EQ-05,2025-08-01,27353.46,3307.86,2488.03
CIF-USD-EQ-05,2025-08-04,27276.59,3298.56,2111.06
CIF-USD-EQ-05,2025-08-05,27235.66,3293.61,2261.55
CIF-USD-EQ-05,2025-08-06,27111.57,3278.61,2096.86
CIF-USD-EQ-05,2025-08-07,27398.62,3313.32,2139.29
CIF-USD-EQ-05,2025-08-08,27317.7,3303.54,2414.93
CIF-USD-EQ-05,2025-08-11,27378.03,3310.83,1974.59
CIF-USD-EQ-05,2025-08-12,27430.54,3317.18,2467.5
CIF-USD-EQ-05,2025-08-13,27314.85,3303.19,2043.89
CIF-USD-EQ-05,2025-08-14,27318.6,3303.64,2174.5
CIF-USD-EQ-05,2025-08-15,27223.22,3292.11,2416.5
CIF-USD-EQ-05,2025-08-18,27046.75,3270.77,2136.79
CIF-USD-EQ-05,2025-08-19,27018.72,3267.38,2029.69
CIF-USD-EQ-05,2025-08-20,26987.76,3263.64,2159.31
CIF-USD-EQ-05,2025-08-21,26691.51,3227.81,2309.41
CIF-USD-EQ-05,2025-08-22,26688.41,3227.44,2044.55
CIF-USD-EQ-05,2025-08-25,26665.16,3224.62,2221.97
CIF-USD-EQ-05,2025-08-26,26764.29,3236.61,1927.04
CIF-USD-EQ-05,2025-08-27,26738.94,3233.55,2065.89
CIF-USD-EQ-05,2025-08-28,26776.55,3238.09,2206.6
CIF-USD-EQ-05,2025-08-29,26829.6,3244.51,2036.95
CIF-USD-EQ-05,2025-09-01,27041.25,3270.11,1936.03
CIF-USD-EQ-05,2025-09-02,26949.09,3258.96,2491.37
CIF-USD-EQ-05,2025-09-03,26992.93,3264.26,2249.34
CIF-USD-EQ-05,2025-09-04,26965.51,3260.95,2380.27
CIF-USD-EQ-05,2025-09-05,26921.36,3255.61,2134.26
CIF-USD-EQ-05,2025-09-08,26950.4,3259.12,2158.35
CIF-USD-EQ-05,2025-09-09,26839.5,3245.71,1886.32
CIF-USD-EQ-05,2025-09-10,26977.67,3262.42,2532.43
CIF-USD-EQ-05,2025-09-11,27045.4,3270.61,1943.07
CIF-USD-EQ-05,2025-09-12,27041.62,3270.15,2504.98
CIF-USD-EQ-05,2025-09-15,27176.26,3286.43,2301.25
CIF-USD-EQ-05,2025-09-16,27070.18,3273.6,2075.25
CIF-USD-EQ-05,2025-09-17,29355.62,3549.98,2408.29
CIF-USD-EQ-05,2025-09-18,29407.07,3556.2,2709.54
CIF-USD-EQ-05,2025-09-19,29315.08,3545.08,2642.36
CIF-USD-EQ-05,2025-09-22,29495.81,3566.93,2329.9
CIF-USD-EQ-05,2025-09-23,29708.66,3592.68,2186.42
CIF-USD-EQ-05,2025-09-24,29796.69,3603.32,2795.13
CIF-USD-EQ-05,2025-09-25,30013.4,3629.53,2304.3
CIF-USD-EQ-05,2025-09-26,30076.21,3637.12,2677.24
CIF-USD-EQ-05,2025-09-29,29857.53,3610.68,2163.26
CIF-USD-EQ-05,2025-09-30,29965.6,3623.75,2783.47
CIF-USD-EQ-05,2025-10-01,29901.74,3616.02,2413.15
CIF-USD-EQ-05,2025-10-02,29965.39,3623.72,2393.12
CIF-USD-EQ-05,2025-10-03,29953.33,3622.26,2596.94
CIF-USD-EQ-05,2025-10-06,29920.7,3618.32,2546.55
CIF-USD-EQ-05,2025-10-07,29917.62,3617.94,2718.23
CIF-USD-EQ-05,2025-10-08,29691.51,3590.6,2269.34
CIF-USD-EQ-05,2025-10-09,29532.98,3571.43,2332.24
CIF-USD-EQ-05,2025-10-10,29550.21,3573.51,2619.17
CIF-USD-EQ-05,2025-10-13,29606.39,3580.31,2507.47
CIF-USD-EQ-05,2025-10-14,29677.65,3588.93,2770.18
CIF-USD-EQ-05,2025-10-15,29814.25,3605.44,2593.94
CIF-USD-EQ-05,2025-10-16,29816.63,3605.73,2371.24
CIF-USD-EQ-05,2025-10-17,29827.32,3607.03,2513.72
CIF-USD-EQ-05,2025-10-20,30001.39,3628.08,2217.77
CIF-USD-EQ-05,2025-10-21,30098.6,3639.83,2362.37
CIF-USD-EQ-05,2025-10-22,30118.77,3642.27,2701.98
CIF-USD-EQ-05,2025-10-23,30052.8,3634.29,2689.35
CIF-USD-EQ-05,2025-10-24,30074.62,3636.93,2254.55
CIF-USD-EQ-05,2025-10-27,29956.02,3622.59,2143.99
CIF-USD-EQ-05,2025-10-28,30210.99,3653.42,2791.49
CIF-USD-EQ-05,2025-10-29,30162.16,3647.52,2119.67
CIF-USD-EQ-05,2025-10-30,30192.89,3651.23,2716.69
CIF-USD-EQ-05,2025-10-31,30241.41,3657.1,2733.14
CIF-USD-EQ-05,2025-11-03,30302.71,3664.51,2134.24
CIF-USD-EQ-05,2025-11-04,30419.96,3678.69,2445.32
CIF-USD-EQ-05,2025-11-05,30451.26,3682.48,2187.73
CIF-USD-EQ-05,2025-11-06,30387.76,3674.8,2181.73
CIF-USD-EQ-05,2025-11-07,30531.17,3692.14,2316.75
CIF-USD-EQ-05,2025-11-10,30337.52,3668.72,2574.34
CIF-USD-EQ-05,2025-11-11,30106.88,3640.83,2233.57
CIF-USD-EQ-05,2025-11-12,30298.06,3663.95,2656.81
CIF-USD-EQ-05,2025-11-13,30474.34,3685.27,2740.45
CIF-USD-EQ-05,2025-11-14,30500.7,3688.46,2746.07
CIF-USD-EQ-05,2025-11-17,30508.88,3689.45,2228.96
CIF-USD-EQ-05,2025-11-18,30793.59,3723.88,2530.83
CIF-USD-EQ-05,2025-11-19,30893.38,3735.94,2614.16
CIF-USD-EQ-05,2025-11-20,31254.85,3779.66,2576.34
CIF-USD-EQ-05,2025-11-21,31152.0,3767.22,2592.69
CIF-USD-EQ-05,2025-11-24,31109.28,3762.05,2373.22
CIF-USD-EQ-05,2025-11-25,30960.77,3744.09,2442.12
CIF-USD-EQ-05,2025-11-26,30993.14,3748.01,2236.67
CIF-USD-EQ-05,2025-11-27,30883.56,3734.76,2386.15
CIF-USD-EQ-05,2025-11-28,30958.03,3743.76,2391.6
CIF-USD-EQ-05,2025-12-01,30934.04,3740.86,2648.28
CIF-USD-EQ-05,2025-12-02,31016.14,3750.79,2361.81
CIF-USD-EQ-05,2025-12-03,31105.8,3761.63,2939.62
CIF-USD-EQ-05,2025-12-04,31133.75,3765.01,2500.37
CIF-USD-EQ-05,2025-12-05,31023.1,3751.63,2532.3
CIF-USD-EQ-05,2025-12-08,31254.14,3779.57,2502.61
CIF-USD-EQ-05,2025-12-09,31462.48,3804.77,2649.99
CIF-USD-EQ-05,2025-12-10,31702.62,3833.8,2814.79
CIF-USD-EQ-05,2025-12-11,31703.11,3833.86,2609.2
CIF-USD-EQ-05,2025-12-12,31706.0,3834.21,2645.96
CIF-USD-EQ-05,2025-12-15,33727.24,4078.64,2401.54
CIF-USD-EQ-05,2025-12-16,33719.1,4077.66,2796.32
CIF-USD-EQ-05,2025-12-17,33902.38,4099.82,3070.33
CIF-USD-EQ-05,2025-12-18,33880.37,4097.16,3005.76
CIF-USD-EQ-05,2025-12-19,34072.44,4120.39,2603.08
CIF-USD-EQ-05,2025-12-22,34170.51,4132.25,2768.95
CIF-USD-EQ-05,2025-12-23,34106.25,4124.48,2749.44
CIF-USD-EQ-05,2025-12-24,34213.64,4137.46,3083.54
CIF-USD-EQ-05,2025-12-25,34315.85,4149.82,3029.81
CIF-USD-EQ-05,2025-12-26,34046.74,4117.28,2474.78
CIF-USD-EQ-05,2025-12-29,34100.24,4123.75,2540.14
CIF-USD-EQ-05,2025-12-30,33998.03,4111.39,2537.18
CIF-USD-EQ-05,2025-12-31,33867.51,4095.61,2459.7
CIF-ALT-LS-06,2024-12-24,6701.39,1340.28,523.95
CIF-ALT-LS-06,2024-12-25,6705.96,1341.19,603.84
CIF-ALT-LS-06,2024-12-26,6655.65,1331.13,662.58
CIF-ALT-LS-06,2024-12-27,6681.69,1336.34,675.18
CIF-ALT-LS-06,2024-12-30,6661.54,1332.31,563.5
CIF-ALT-LS-06,2024-12-31,6676.81,1335.36,536.79
CIF-ALT-LS-06,2025-01-01,6645.77,1329.15,651.16
CIF-ALT-LS-06,2025-01-02,6653.59,1330.72,551.14
CIF-ALT-LS-06,2025-01-03,6631.87,1326.37,628.48
CIF-ALT-LS-06,2025-01-06,6616.6,1323.32,681.17
CIF-ALT-LS-06,2025-01-07,6634.76,1326.95,507.41
CIF-ALT-LS-06,2025-01-08,6650.85,1330.17,634.71
CIF-ALT-LS-06,2025-01-09,6642.71,1328.54,647.23
CIF-ALT-LS-06,2025-01-10,6637.55,1327.51,633.84
CIF-ALT-LS-06,2025-01-13,6653.95,1330.79,567.22
CIF-ALT-LS-06,2025-01-14,6671.36,1334.27,519.37
CIF-ALT-LS-06,2025-01-15,6693.19,1338.64,669.2
CIF-ALT-LS-06,2025-01-16,6719.24,1343.85,626.02
CIF-ALT-LS-06,2025-01-17,6719.53,1343.91,546.92
CIF-ALT-LS-06,2025-01-20,6712.87,1342.57,529.19
CIF-ALT-LS-06,2025-01-21,6716.39,1343.28,669.81
CIF-ALT-LS-06,2025-01-22,6705.64,1341.13,640.33
CIF-ALT-LS-06,2025-01-23,6734.68,1346.94,646.9
CIF-ALT-LS-06,2025-01-24,6711.94,1342.39,542.73
CIF-ALT-LS-06,2025-01-27,6725.14,1345.03,571.96
CIF-ALT-LS-06,2025-01-28,6729.04,1345.81,599.48
CIF-ALT-LS-06,2025-01-29,6736.88,1347.38,610.64
CIF-ALT-LS-06,2025-01-30,6693.07,1338.61,583.03
CIF-ALT-LS-06,2025-01-31,6676.21,1335.24,682.64
CIF-ALT-LS-06,2025-02-03,6642.28,1328.46,645.71
CIF-ALT-LS-06,2025-02-04,6649.26,1329.85,633.22
CIF-ALT-LS-06,2025-02-05,6648.81,1329.76,642.51
CIF-ALT-LS-06,2025-02-06,6668.44,1333.69,638.28
CIF-ALT-LS-06,2025-02-07,6677.15,1335.43,675.14
CIF-ALT-LS-06,2025-02-10,6696.72,1339.34,624.57
CIF-ALT-LS-06,2025-02-11,6722.64,1344.53,569.2
CIF-ALT-LS-06,2025-02-12,6687.09,1337.42,590.88
CIF-ALT-LS-06,2025-02-13,6677.62,1335.52,659.43
CIF-ALT-LS-06,2025-02-14,6699.46,1339.89,520.12
CIF-ALT-LS-06,2025-02-17,6712.98,1342.6,529.67
CIF-ALT-LS-06,2025-02-18,6690.42,1338.08,630.91
CIF-ALT-LS-06,2025-02-19,6664.23,1332.85,555.97
CIF-ALT-LS-06,2025-02-20,6672.07,1334.41,659.06
CIF-ALT-LS-06,2025-02-21,6218.97,1243.79,615.26
CIF-ALT-LS-06,2025-02-24,6235.66,1247.13,502.22
CIF-ALT-LS-06,2025-02-25,6223.94,1244.79,612.96
CIF-ALT-LS-06,2025-02-26,6225.97,1245.19,565.98
CIF-ALT-LS-06,2025-02-27,6221.87,1244.37,606.92
CIF-ALT-LS-06,2025-02-28,6227.15,1245.43,503.26
CIF-ALT-LS-06,2025-03-03,6214.17,1242.83,602.66
CIF-ALT-LS-06,2025-03-04,6218.65,1243.73,503.89
CIF-ALT-LS-06,2025-03-05,6216.64,1243.33,610.53
CIF-ALT-LS-06,2025-03-06,6242.67,1248.53,598.21
CIF-ALT-LS-06,2025-03-07,6239.37,1247.87,509.44
CIF-ALT-LS-06,2025-03-10,6249.7,1249.94,485.28
CIF-ALT-LS-06,2025-03-11,6253.1,1250.62,628.71
CIF-ALT-LS-06,2025-03-12,6251.22,1250.24,582.0
CIF-ALT-LS-06,2025-03-13,6252.25,1250.45,478.31
CIF-ALT-LS-06,2025-03-14,6236.27,1247.25,500.44
CIF-ALT-LS-06,2025-03-17,6237.3,1247.46,489.12
CIF-ALT-LS-06,2025-03-18,6248.08,1249.62,589.6
CIF-ALT-LS-06,2025-03-19,6212.64,1242.53,582.74
CIF-ALT-LS-06,2025-03-20,6212.95,1242.59,600.05
CIF-ALT-LS-06,2025-03-21,6194.7,1238.94,616.88
CIF-ALT-LS-06,2025-03-24,6223.56,1244.71,553.68
CIF-ALT-LS-06,2025-03-25,6258.34,1251.67,495.47
CIF-ALT-LS-06,2025-03-26,6278.41,1255.68,574.48
CIF-ALT-LS-06,2025-03-27,6321.72,1264.34,497.82
CIF-ALT-LS-06,2025-03-28,6307.66,1261.53,538.87
CIF-ALT-LS-06,2025-03-31,6344.56,1268.91,517.11
CIF-ALT-LS-06,2025-04-01,6358.44,1271.69,499.79
CIF-ALT-LS-06,2025-04-02,6365.99,1273.2,511.19
CIF-ALT-LS-06,2025-04-03,6343.34,1268.67,490.77
CIF-ALT-LS-06,2025-04-04,6366.46,1273.29,525.14
CIF-ALT-LS-06,2025-04-07,6405.62,1281.12,578.75
CIF-ALT-LS-06,2025-04-08,6428.81,1285.76,516.26
CIF-ALT-LS-06,2025-04-09,6423.05,1284.61,496.61
CIF-ALT-LS-06,2025-04-10,6424.34,1284.87,580.25
CIF-ALT-LS-06,2025-04-11,6448.96,1289.79,563.96
CIF-ALT-LS-06,2025-04-14,6656.94,1331.39,678.41
CIF-ALT-LS-06,2025-04-15,6677.33,1335.47,539.68
CIF-ALT-LS-06,2025-04-16,6693.6,1338.72,599.9
CIF-ALT-LS-06,2025-04-17,6696.5,1339.3,603.05
CIF-ALT-LS-06,2025-04-18,6686.06,1337.21,606.57
CIF-ALT-LS-06,2025-04-21,6716.67,1343.33,630.38
CIF-ALT-LS-06,2025-04-22,6692.47,1338.49,561.31
CIF-ALT-LS-06,2025-04-23,6667.76,1333.55,665.93
CIF-ALT-LS-06,2025-04-24,6659.75,1331.95,649.52
CIF-ALT-LS-06,2025-04-25,6633.98,1326.8,508.9
CIF-ALT-LS-06,2025-04-28,6606.15,1321.23,570.39
CIF-ALT-LS-06,2025-04-29,6587.97,1317.59,651.0
CIF-ALT-LS-06,2025-04-30,6622.66,1324.53,542.34
CIF-ALT-LS-06,2025-05-01,6629.35,1325.87,557.36
CIF-ALT-LS-06,2025-05-02,6594.5,1318.9,678.18
CIF-ALT-LS-06,2025-05-05,6576.17,1315.23,674.15
CIF-ALT-LS-06,2025-05-06,6571.05,1314.21,665.69
CIF-ALT-LS-06,2025-05-07,6528.01,1305.6,550.6
CIF-ALT-LS-06,2025-05-08,6529.75,1305.95,601.24
CIF-ALT-LS-06,2025-05-09,6518.54,1303.71,498.86
CIF-ALT-LS-06,2025-05-12,6526.53,1305.31,572.09
CIF-ALT-LS-06,2025-05-13,6531.45,1306.29,650.06
CIF-ALT-LS-06,2025-05-14,6486.54,1297.31,661.34
CIF-ALT-LS-06,2025-05-15,6508.02,1301.6,549.89
CIF-ALT-LS-06,2025-05-16,6478.88,1295.78,599.5
CIF-ALT-LS-06,2025-05-19,6453.69,1290.74,563.35
CIF-ALT-LS-06,2025-05-20,6455.12,1291.02,573.39
CIF-ALT-LS-06,2025-05-21,6444.88,1288.98,585.81
CIF-ALT-LS-06,2025-05-22,6456.93,1291.39,524.55
CIF-ALT-LS-06,2025-05-23,6468.94,1293.79,646.18
CIF-ALT-LS-06,2025-05-26,6479.72,1295.94,639.65
CIF-ALT-LS-06,2025-05-27,6498.93,1299.79,610.9
CIF-ALT-LS-06,2025-05-28,6494.5,1298.9,618.06
CIF-ALT-LS-06,2025-05-29,6499.91,1299.98,536.26
CIF-ALT-LS-06,2025-05-30,6509.35,1301.87,540.41
CIF-ALT-LS-06,2025-06-02,6495.82,1299.16,606.88
CIF-ALT-LS-06,2025-06-03,6498.18,1299.64,655.71
CIF-ALT-LS-06,2025-06-04,6546.08,1309.22,638.65
CIF-ALT-LS-06,2025-06-05,6536.94,1307.39,516.4
CIF-ALT-LS-06,2025-06-06,6546.81,1309.36,598.76
CIF-ALT-LS-06,2025-06-09,6530.14,1306.03,573.13
CIF-ALT-LS-06,2025-06-10,6536.24,1307.25,605.46
CIF-ALT-LS-06,2025-06-11,6538.37,1307.67,608.15
CIF-ALT-LS-06,2025-06-12,6518.07,1303.61,499.21
CIF-ALT-LS-06,2025-06-13,6501.71,1300.34,590.1
CIF-ALT-LS-06,2025-06-16,6499.38,1299.88,502.9
CIF-ALT-LS-06,2025-06-17,6535.21,1307.04,653.63
CIF-ALT-LS-06,2025-06-18,6515.79,1303.16,622.28
CIF-ALT-LS-06,2025-06-19,6548.2,1309.64,637.14
CIF-ALT-LS-06,2025-06-20,6546.15,1309.23,647.69
CIF-ALT-LS-06,2025-06-23,6487.18,1297.44,523.2
CIF-ALT-LS-06,2025-06-24,6455.61,1291.12,518.67
CIF-ALT-LS-06,2025-06-25,6453.16,1290.63,550.07
CIF-ALT-LS-06,2025-06-26,6471.69,1294.34,526.31
CIF-ALT-LS-06,2025-06-27,6471.74,1294.35,616.96
CIF-ALT-LS-06,2025-06-30,6500.46,1300.09,550.18
CIF-ALT-LS-06,2025-07-01,6499.53,1299.91,664.29
CIF-ALT-LS-06,2025-07-02,6504.23,1300.85,577.23
CIF-ALT-LS-06,2025-07-03,6524.2,1304.84,509.07
CIF-ALT-LS-06,2025-07-04,6539.44,1307.89,565.42
CIF-ALT-LS-06,2025-07-07,6554.68,1310.94,523.54
CIF-ALT-LS-06,2025-07-08,6553.69,1310.74,586.75
CIF-ALT-LS-06,2025-07-09,6532.61,1306.52,586.54
CIF-ALT-LS-06,2025-07-10,6510.92,1302.18,624.33
CIF-ALT-LS-06,2025-07-11,6466.65,1293.33,624.33
CIF-ALT-LS-06,2025-07-14,5795.44,1159.09,534.82
CIF-ALT-LS-06,2025-07-15,5784.27,1156.85,559.02
CIF-ALT-LS-06,2025-07-16,5804.05,1160.81,582.75
CIF-ALT-LS-06,2025-07-17,5797.39,1159.48,498.59
CIF-ALT-LS-06,2025-07-18,5805.88,1161.18,479.38
CIF-ALT-LS-06,2025-07-21,5778.61,1155.72,448.82
CIF-ALT-LS-06,2025-07-22,5777.83,1155.57,533.32
CIF-ALT-LS-06,2025-07-23,5810.38,1162.08,578.14
CIF-ALT-LS-06,2025-07-24,5794.35,1158.87,511.4
CIF-ALT-LS-06,2025-07-25,5789.4,1157.88,545.65
CIF-ALT-LS-06,2025-07-28,5780.33,1156.07,567.93
CIF-ALT-LS-06,2025-07-29,5761.29,1152.26,576.92
CIF-ALT-LS-06,2025-07-30,5754.6,1150.92,470.66
CIF-ALT-LS-06,2025-07-31,5783.21,1156.64,451.29
CIF-ALT-LS-06,2025-08-01,5760.04,1152.01,555.86
CIF-ALT-LS-06,2025-08-04,5761.92,1152.38,481.18
CIF-ALT-LS-06,2025-08-05,5751.45,1150.29,459.62
CIF-ALT-LS-06,2025-08-06,5763.34,1152.67,509.84
CIF-ALT-LS-06,2025-08-07,5786.89,1157.38,572.58
CIF-ALT-LS-06,2025-08-08,5803.37,1160.67,454.64
CIF-ALT-LS-06,2025-08-11,5833.14,1166.63,558.84
CIF-ALT-LS-06,2025-08-12,5854.67,1170.93,601.95
CIF-ALT-LS-06,2025-08-13,5867.33,1173.47,469.68
CIF-ALT-LS-06,2025-08-14,5856.46,1171.29,501.03
CIF-ALT-LS-06,2025-08-15,5864.85,1172.97,516.08
CIF-ALT-LS-06,2025-08-18,5853.97,1170.79,480.1
CIF-ALT-LS-06,2025-08-19,5859.34,1171.87,502.86
CIF-ALT-LS-06,2025-08-20,5864.92,1172.98,584.06
CIF-ALT-LS-06,2025-08-21,5823.95,1164.79,509.35
CIF-ALT-LS-06,2025-08-22,5796.82,1159.36,501.22
CIF-ALT-LS-06,2025-08-25,5802.39,1160.48,596.61
CIF-ALT-LS-06,2025-08-26,5823.49,1164.7,477.88
CIF-ALT-LS-06,2025-08-27,5833.52,1166.7,564.36
CIF-ALT-LS-06,2025-08-28,5857.04,1171.41,466.17
CIF-ALT-LS-06,2025-08-29,5876.76,1175.35,485.78
CIF-ALT-LS-06,2025-09-01,5873.48,1174.7,465.87
CIF-ALT-LS-06,2025-09-02,5841.58,1168.32,547.28
CIF-ALT-LS-06,2025-09-03,5861.16,1172.23,561.4
CIF-ALT-LS-06,2025-09-04,5837.3,1167.46,454.93
CIF-ALT-LS-06,2025-09-05,5827.53,1165.51,577.26
CIF-ALT-LS-06,2025-09-08,5833.16,1166.63,537.02
CIF-ALT-LS-06,2025-09-09,5814.58,1162.92,465.92
CIF-ALT-LS-06,2025-09-10,6330.59,1266.12,549.02
CIF-ALT-LS-06,2025-09-11,6340.92,1268.18,492.33
CIF-ALT-LS-06,2025-09-12,6323.74,1264.75,569.01
CIF-ALT-LS-06,2025-09-15,6329.44,1265.89,625.46
CIF-ALT-LS-06,2025-09-16,6313.16,1262.63,570.27
CIF-ALT-LS-06,2025-09-17,6293.73,1258.75,482.04
CIF-ALT-LS-06,2025-09-18,6273.11,1254.62,534.12
CIF-ALT-LS-06,2025-09-19,6215.54,1243.11,596.83
CIF-ALT-LS-06,2025-09-22,6223.76,1244.75,573.36
CIF-ALT-LS-06,2025-09-23,6253.47,1250.69,598.87
CIF-ALT-LS-06,2025-09-24,6266.87,1253.37,596.4
CIF-ALT-LS-06,2025-09-25,6293.53,1258.71,591.41
CIF-ALT-LS-06,2025-09-26,6272.28,1254.46,504.01
CIF-ALT-LS-06,2025-09-29,6227.59,1245.52,477.72
CIF-ALT-LS-06,2025-09-30,6256.2,1251.24,532.24
CIF-ALT-LS-06,2025-10-01,6270.2,1254.04,516.83
CIF-ALT-LS-06,2025-10-02,6291.28,1258.26,538.07
CIF-ALT-LS-06,2025-10-03,6285.47,1257.09,610.47
CIF-ALT-LS-06,2025-10-06,6299.42,1259.88,638.21
CIF-ALT-LS-06,2025-10-07,6284.09,1256.82,595.5
CIF-ALT-LS-06,2025-10-08,6295.67,1259.13,608.89
CIF-ALT-LS-06,2025-10-09,6315.81,1263.16,485.14
CIF-ALT-LS-06,2025-10-10,6349.89,1269.98,530.06
CIF-ALT-LS-06,2025-10-13,6368.54,1273.71,542.34
CIF-ALT-LS-06,2025-10-14,6378.85,1275.77,554.97
CIF-ALT-LS-06,2025-10-15,6388.56,1277.71,574.14
CIF-ALT-LS-06,2025-10-16,6404.12,1280.82,648.47
CIF-ALT-LS-06,2025-10-17,6391.88,1278.38,581.54
CIF-ALT-LS-06,2025-10-20,6408.52,1281.7,654.66
CIF-ALT-LS-06,2025-10-21,6415.73,1283.15,535.67
CIF-ALT-LS-06,2025-10-22,6397.54,1279.51,580.8
CIF-ALT-LS-06,2025-10-23,6404.77,1280.95,647.61
CIF-ALT-LS-06,2025-10-24,6408.38,1281.68,494.74
CIF-ALT-LS-06,2025-10-27,6412.38,1282.48,591.71
CIF-ALT-LS-06,2025-10-28,6412.91,1282.58,605.6
CIF-ALT-LS-06,2025-10-29,6395.64,1279.13,598.34
CIF-ALT-LS-06,2025-10-30,6401.96,1280.39,508.74
CIF-ALT-LS-06,2025-10-31,6407.09,1281.42,515.85
CIF-ALT-LS-06,2025-11-03,6394.08,1278.82,654.14
CIF-ALT-LS-06,2025-11-04,6374.17,1274.83,575.83
CIF-ALT-LS-06,2025-11-05,6390.73,1278.15,640.33
CIF-ALT-LS-06,2025-11-06,6389.26,1277.85,523.7
CIF-ALT-LS-06,2025-11-07,6406.42,1281.28,634.8
CIF-ALT-LS-06,2025-11-10,6385.21,1277.04,541.65
CIF-ALT-LS-06,2025-11-11,6345.76,1269.15,527.28
CIF-ALT-LS-06,2025-11-12,6365.6,1273.12,538.04
CIF-ALT-LS-06,2025-11-13,6366.08,1273.22,537.3
CIF-ALT-LS-06,2025-11-14,6387.79,1277.56,551.31
CIF-ALT-LS-06,2025-11-17,6393.34,1278.67,512.07
CIF-ALT-LS-06,2025-11-18,6409.13,1281.83,567.8
CIF-ALT-LS-06,2025-11-19,6403.97,1280.79,530.13
CIF-ALT-LS-06,2025-11-20,6440.77,1288.15,504.39
CIF-ALT-LS-06,2025-11-21,6423.08,1284.62,540.9
CIF-ALT-LS-06,2025-11-24,6395.29,1279.06,489.99
CIF-ALT-LS-06,2025-11-25,6365.43,1273.09,587.01
CIF-ALT-LS-06,2025-11-26,6390.88,1278.18,542.74
CIF-ALT-LS-06,2025-11-27,6391.68,1278.34,579.94
CIF-ALT-LS-06,2025-11-28,6401.79,1280.36,631.7
CIF-ALT-LS-06,2025-12-01,6389.98,1278.0,618.38
CIF-ALT-LS-06,2025-12-02,6395.42,1279.08,561.2
CIF-ALT-LS-06,2025-12-03,6420.69,1284.14,495.59
CIF-ALT-LS-06,2025-12-04,6402.29,1280.46,520.11
CIF-ALT-LS-06,2025-12-05,6396.75,1279.35,534.96
CIF-ALT-LS-06,2025-12-08,6946.71,1389.34,581.9
CIF-ALT-LS-06,2025-12-09,6990.31,1398.06,534.7
CIF-ALT-LS-06,2025-12-10,6990.01,1398.0,687.43
CIF-ALT-LS-06,2025-12-11,7011.8,1402.36,699.52
CIF-ALT-LS-06,2025-12-12,6989.81,1397.96,695.35
CIF-ALT-LS-06,2025-12-15,7021.69,1404.34,573.57
CIF-ALT-LS-06,2025-12-16,7023.34,1404.67,709.07
CIF-ALT-LS-06,2025-12-17,7035.38,1407.08,604.31
CIF-ALT-LS-06,2025-12-18,7017.09,1403.42,675.09
CIF-ALT-LS-06,2025-12-19,7041.79,1408.36,558.75
CIF-ALT-LS-06,2025-12-22,7042.04,1408.41,654.23
CIF-ALT-LS-06,2025-12-23,7031.69,1406.34,699.71
CIF-ALT-LS-06,2025-12-24,7050.33,1410.07,544.38
CIF-ALT-LS-06,2025-12-25,7047.41,1409.48,545.52
CIF-ALT-LS-06,2025-12-26,7034.78,1406.96,724.04
CIF-ALT-LS-06,2025-12-29,7034.1,1406.82,660.64
CIF-ALT-LS-06,2025-12-30,7046.68,1409.34,694.42
CIF-ALT-LS-06,2025-12-31,7027.71,1405.54,655.08
