INDEX_CODE,RETURN_DATE,TOTAL_RETURN_PCT
IDX-TSX,2024-12-24,-0.65065941
IDX-TSX,2024-12-25,-1.08640158
IDX-TSX,2024-12-26,0.85416808
IDX-TSX,2024-12-27,-0.35091312
IDX-TSX,2024-12-30,0.33493262
IDX-TSX,2024-12-31,-0.51818461
IDX-TSX,2025-01-01,-0.01970554
IDX-TSX,2025-01-02,1.70187986
IDX-TSX,2025-01-03,0.63626599
IDX-TSX,2025-01-06,0.75387869
IDX-TSX,2025-01-07,1.49849446
IDX-TSX,2025-01-08,0.33354109
IDX-TSX,2025-01-09,0.8249163
IDX-TSX,2025-01-10,-0.00935354
IDX-TSX,2025-01-13,-0.90484853
IDX-TSX,2025-01-14,-0.54337905
IDX-TSX,2025-01-15,-0.60820499
IDX-TSX,2025-01-16,0.0317542
IDX-TSX,2025-01-17,-1.00647395
IDX-TSX,2025-01-20,-0.88580934
IDX-TSX,2025-01-21,0.30561046
IDX-TSX,2025-01-22,0.23707237
IDX-TSX,2025-01-23,-0.37020159
IDX-TSX,2025-01-24,-0.38417898
IDX-TSX,2025-01-27,0.84593648
IDX-TSX,2025-01-28,0.92059413
IDX-TSX,2025-01-29,0.16649463
IDX-TSX,2025-01-30,-1.43798029
IDX-TSX,2025-01-31,0.34622213
IDX-TSX,2025-02-03,-1.13043825
IDX-TSX,2025-02-04,1.75613926
IDX-TSX,2025-02-05,-0.21645787
IDX-TSX,2025-02-06,-0.14594089
IDX-TSX,2025-02-07,-0.39044045
IDX-TSX,2025-02-10,-0.40666206
IDX-TSX,2025-02-11,-1.36409514
IDX-TSX,2025-02-12,-0.70672809
IDX-TSX,2025-02-13,-0.11551063
IDX-TSX,2025-02-14,1.19900621
IDX-TSX,2025-02-17,-0.68321463
IDX-TSX,2025-02-18,0.07552376
IDX-TSX,2025-02-19,-0.33558396
IDX-TSX,2025-02-20,-0.63616144
IDX-TSX,2025-02-21,-0.42258535
IDX-TSX,2025-02-24,-0.01158343
IDX-TSX,2025-02-25,0.66962496
IDX-TSX,2025-02-26,1.45071803
IDX-TSX,2025-02-27,-0.13905647
IDX-TSX,2025-02-28,-0.19422545
IDX-TSX,2025-03-03,0.47470322
IDX-TSX,2025-03-04,-0.11952848
IDX-TSX,2025-03-05,0.48130889
IDX-TSX,2025-03-06,-0.21150248
IDX-TSX,2025-03-07,-0.22848538
IDX-TSX,2025-03-10,0.42610661
IDX-TSX,2025-03-11,0.25198318
IDX-TSX,2025-03-12,-0.858039
IDX-TSX,2025-03-13,-1.09332283
IDX-TSX,2025-03-14,0.3847337
IDX-TSX,2025-03-17,-1.20725658
IDX-TSX,2025-03-18,0.44775961
IDX-TSX,2025-03-19,-0.2143252
IDX-TSX,2025-03-20,-0.6285313
IDX-TSX,2025-03-21,0.45423875
IDX-TSX,2025-03-24,0.27048627
IDX-TSX,2025-03-25,0.41938429
IDX-TSX,2025-03-26,-0.2768455
IDX-TSX,2025-03-27,-0.57570915
IDX-TSX,2025-03-28,-1.84726178
IDX-TSX,2025-03-31,0.64772809
IDX-TSX,2025-04-01,-1.96985757
IDX-TSX,2025-04-02,-0.22179477
IDX-TSX,2025-04-03,1.04625909
IDX-TSX,2025-04-04,-1.14005294
IDX-TSX,2025-04-07,-0.48242473
IDX-TSX,2025-04-08,-0.36992466
IDX-TSX,2025-04-09,-0.2667833
IDX-TSX,2025-04-10,-0.93939011
IDX-TSX,2025-04-11,-0.44409642
IDX-TSX,2025-04-14,0.52820604
IDX-TSX,2025-04-15,-0.0579382
IDX-TSX,2025-04-16,-0.69108406
IDX-TSX,2025-04-17,0.90461523
IDX-TSX,2025-04-18,-0.21961977
IDX-TSX,2025-04-21,0.54469377
IDX-TSX,2025-04-22,1.74123586
IDX-TSX,2025-04-23,0.59334455
IDX-TSX,2025-04-24,-1.987799
IDX-TSX,2025-04-25,1.21167496
IDX-TSX,2025-04-28,1.06528008
IDX-TSX,2025-04-29,-0.45617608
IDX-TSX,2025-04-30,0.59524534
IDX-TSX,2025-05-01,1.2555077
IDX-TSX,2025-05-02,-0.47901665
IDX-TSX,2025-05-05,-0.55325511
IDX-TSX,2025-05-06,-0.05339744
IDX-TSX,2025-05-07,0.67487644
IDX-TSX,2025-05-08,-1.06673841
IDX-TSX,2025-05-09,0.52509527
IDX-TSX,2025-05-12,-1.41237526
IDX-TSX,2025-05-13,-0.53546407
IDX-TSX,2025-05-14,0.52520507
IDX-TSX,2025-05-15,0.49089214
IDX-TSX,2025-05-16,0.61651503
IDX-TSX,2025-05-19,0.63444643
IDX-TSX,2025-05-20,0.19141042
IDX-TSX,2025-05-21,-2.04203499
IDX-TSX,2025-05-22,0.14818453
IDX-TSX,2025-05-23,0.61050679
IDX-TSX,2025-05-26,1.93201287
IDX-TSX,2025-05-27,-0.60674843
IDX-TSX,2025-05-28,-1.53806519
IDX-TSX,2025-05-29,0.33180742
IDX-TSX,2025-05-30,-1.5607683
IDX-TSX,2025-06-02,-1.25104981
IDX-TSX,2025-06-03,-0.64029425
IDX-TSX,2025-06-04,0.10185589
IDX-TSX,2025-06-05,0.04062416
IDX-TSX,2025-06-06,0.59184694
IDX-TSX,2025-06-09,1.78503089
IDX-TSX,2025-06-10,-0.26662539
IDX-TSX,2025-06-11,1.01741853
IDX-TSX,2025-06-12,2.35252266
IDX-TSX,2025-06-13,0.56837604
IDX-TSX,2025-06-16,0.23168763
IDX-TSX,2025-06-17,0.70112239
IDX-TSX,2025-06-18,-0.08367956
IDX-TSX,2025-06-19,-0.11860479
IDX-TSX,2025-06-20,1.02367616
IDX-TSX,2025-06-23,-0.38715667
IDX-TSX,2025-06-24,1.50233347
IDX-TSX,2025-06-25,-0.65079355
IDX-TSX,2025-06-26,-0.53584647
IDX-TSX,2025-06-27,0.98503344
IDX-TSX,2025-06-30,0.94035831
IDX-TSX,2025-07-01,0.32863503
IDX-TSX,2025-07-02,0.19896821
IDX-TSX,2025-07-03,0.51127963
IDX-TSX,2025-07-04,0.6425444
IDX-TSX,2025-07-07,0.22127291
IDX-TSX,2025-07-08,0.14804755
IDX-TSX,2025-07-09,0.29839323
IDX-TSX,2025-07-10,-1.30394254
IDX-TSX,2025-07-11,-0.75284647
IDX-TSX,2025-07-14,1.21537115
IDX-TSX,2025-07-15,0.46049749
IDX-TSX,2025-07-16,-0.26017849
IDX-TSX,2025-07-17,-0.91851402
IDX-TSX,2025-07-18,1.08790146
IDX-TSX,2025-07-21,0.99609792
IDX-TSX,2025-07-22,1.12586879
IDX-TSX,2025-07-23,-0.43294325
IDX-TSX,2025-07-24,-1.03734861
IDX-TSX,2025-07-25,-1.02698785
IDX-TSX,2025-07-28,-0.40419195
IDX-TSX,2025-07-29,-0.01043632
IDX-TSX,2025-07-30,-0.56403435
IDX-TSX,2025-07-31,-0.23917947
IDX-TSX,2025-08-01,-0.44475304
IDX-TSX,2025-08-04,-1.12607025
IDX-TSX,2025-08-05,-0.44638187
IDX-TSX,2025-08-06,0.79207906
IDX-TSX,2025-08-07,-0.68259117
IDX-TSX,2025-08-08,-0.04806536
IDX-TSX,2025-08-11,0.10333023
IDX-TSX,2025-08-12,-0.52773736
IDX-TSX,2025-08-13,0.18042888
IDX-TSX,2025-08-14,-0.39585236
IDX-TSX,2025-08-15,0.01109267
IDX-TSX,2025-08-18,-0.51273308
IDX-TSX,2025-08-19,0.3264332
IDX-TSX,2025-08-20,-0.86651662
IDX-TSX,2025-08-21,1.23272163
IDX-TSX,2025-08-22,-1.03469308
IDX-TSX,2025-08-25,1.17471322
IDX-TSX,2025-08-26,0.56245963
IDX-TSX,2025-08-27,0.06734301
IDX-TSX,2025-08-28,0.2313131
IDX-TSX,2025-08-29,0.80643489
IDX-TSX,2025-09-01,-0.90996699
IDX-TSX,2025-09-02,0.28191317
IDX-TSX,2025-09-03,-0.26820614
IDX-TSX,2025-09-04,-0.63166487
IDX-TSX,2025-09-05,1.02808963
IDX-TSX,2025-09-08,0.40271211
IDX-TSX,2025-09-09,0.82055957
IDX-TSX,2025-09-10,-0.88830156
IDX-TSX,2025-09-11,-0.7491309
IDX-TSX,2025-09-12,0.7552007
IDX-TSX,2025-09-15,0.01243333
IDX-TSX,2025-09-16,0.60658062
IDX-TSX,2025-09-17,0.19726661
IDX-TSX,2025-09-18,1.37215941
IDX-TSX,2025-09-19,0.31738315
IDX-TSX,2025-09-22,-0.00757189
IDX-TSX,2025-09-23,-0.19490677
IDX-TSX,2025-09-24,0.6127486
IDX-TSX,2025-09-25,0.06576916
IDX-TSX,2025-09-26,-1.04085574
IDX-TSX,2025-09-29,1.52508859
IDX-TSX,2025-09-30,0.1646852
IDX-TSX,2025-10-01,-0.22260124
IDX-TSX,2025-10-02,0.39419783
IDX-TSX,2025-10-03,-0.10334877
IDX-TSX,2025-10-06,-1.61134141
IDX-TSX,2025-10-07,0.01143507
IDX-TSX,2025-10-08,-0.31914445
IDX-TSX,2025-10-09,-0.56498366
IDX-TSX,2025-10-10,0.17047042
IDX-TSX,2025-10-13,0.2963623
IDX-TSX,2025-10-14,0.15766267
IDX-TSX,2025-10-15,-0.03095638
IDX-TSX,2025-10-16,0.5314779
IDX-TSX,2025-10-17,-0.63848412
IDX-TSX,2025-10-20,0.86350398
IDX-TSX,2025-10-21,0.11971231
IDX-TSX,2025-10-22,1.13209172
IDX-TSX,2025-10-23,0.82576834
IDX-TSX,2025-10-24,-0.94471507
IDX-TSX,2025-10-27,0.1530501
IDX-TSX,2025-10-28,0.41059637
IDX-TSX,2025-10-29,-0.01808519
IDX-TSX,2025-10-30,0.23196377
IDX-TSX,2025-10-31,-1.23420831
IDX-TSX,2025-11-03,-0.49384119
IDX-TSX,2025-11-04,0.33660775
IDX-TSX,2025-11-05,-1.40434457
IDX-TSX,2025-11-06,0.4008963
IDX-TSX,2025-11-07,-1.47411763
IDX-TSX,2025-11-10,-0.15605712
IDX-TSX,2025-11-11,-0.97826991
IDX-TSX,2025-11-12,-0.36196222
IDX-TSX,2025-11-13,-0.49959178
IDX-TSX,2025-11-14,-1.36646223
IDX-TSX,2025-11-17,0.37368842
IDX-TSX,2025-11-18,-0.45851613
IDX-TSX,2025-11-19,0.91533869
IDX-TSX,2025-11-20,-0.84450562
IDX-TSX,2025-11-21,0.13458572
IDX-TSX,2025-11-24,-0.90926525
IDX-TSX,2025-11-25,-0.27824223
IDX-TSX,2025-11-26,1.28577022
IDX-TSX,2025-11-27,0.26031553
IDX-TSX,2025-11-28,0.29900797
IDX-TSX,2025-12-01,-1.11849535
IDX-TSX,2025-12-02,-0.05829697
IDX-TSX,2025-12-03,0.86188439
IDX-TSX,2025-12-04,0.57509266
IDX-TSX,2025-12-05,0.99961059
IDX-TSX,2025-12-08,1.56970367
IDX-TSX,2025-12-09,0.43309983
IDX-TSX,2025-12-10,-0.19808234
IDX-TSX,2025-12-11,0.18795369
IDX-TSX,2025-12-12,0.48043966
IDX-TSX,2025-12-15,-0.72254092
IDX-TSX,2025-12-16,1.34509061
IDX-TSX,2025-12-17,0.3021974
IDX-TSX,2025-12-18,-0.86135765
IDX-TSX,2025-12-19,-1.03215081
IDX-TSX,2025-12-22,-0.10899268
IDX-TSX,2025-12-23,-0.33054333
IDX-TSX,2025-12-24,0.48487754
IDX-TSX,2025-12-25,-0.36497971
IDX-TSX,2025-12-26,2.03843647
IDX-TSX,2025-12-29,-0.15466092
IDX-TSX,2025-12-30,-0.00197217
IDX-TSX,2025-12-31,0.06496128
IDX-MSCIW,2024-12-24,0.23528922
IDX-MSCIW,2024-12-25,0.24361398
IDX-MSCIW,2024-12-26,0.99316
IDX-MSCIW,2024-12-27,1.39957014
IDX-MSCIW,2024-12-30,0.2295914
IDX-MSCIW,2024-12-31,-0.91527194
IDX-MSCIW,2025-01-01,-0.03222645
IDX-MSCIW,2025-01-02,0.66821997
IDX-MSCIW,2025-01-03,0.09965017
IDX-MSCIW,2025-01-06,0.2260306
IDX-MSCIW,2025-01-07,0.74081144
IDX-MSCIW,2025-01-08,-0.32680491
IDX-MSCIW,2025-01-09,-0.89442269
IDX-MSCIW,2025-01-10,-0.82843959
IDX-MSCIW,2025-01-13,-0.05646685
IDX-MSCIW,2025-01-14,1.44925996
IDX-MSCIW,2025-01-15,0.53622781
IDX-MSCIW,2025-01-16,-0.83438421
IDX-MSCIW,2025-01-17,0.74659008
IDX-MSCIW,2025-01-20,-0.31406963
IDX-MSCIW,2025-01-21,0.39495116
IDX-MSCIW,2025-01-22,0.71322206
IDX-MSCIW,2025-01-23,-0.63285476
IDX-MSCIW,2025-01-24,-0.54824
IDX-MSCIW,2025-01-27,-0.59563985
IDX-MSCIW,2025-01-28,0.02546499
IDX-MSCIW,2025-01-29,-0.21475546
IDX-MSCIW,2025-01-30,0.08759293
IDX-MSCIW,2025-01-31,-1.35027458
IDX-MSCIW,2025-02-03,-1.87049023
IDX-MSCIW,2025-02-04,0.39397771
IDX-MSCIW,2025-02-05,0.44195711
IDX-MSCIW,2025-02-06,1.03393847
IDX-MSCIW,2025-02-07,-0.53444044
IDX-MSCIW,2025-02-10,-0.96256932
IDX-MSCIW,2025-02-11,0.45840795
IDX-MSCIW,2025-02-12,0.68276925
IDX-MSCIW,2025-02-13,0.0891131
IDX-MSCIW,2025-02-14,-0.94936761
IDX-MSCIW,2025-02-17,-0.04473019
IDX-MSCIW,2025-02-18,1.04846541
IDX-MSCIW,2025-02-19,0.37853906
IDX-MSCIW,2025-02-20,-0.26006413
IDX-MSCIW,2025-02-21,-0.68383842
IDX-MSCIW,2025-02-24,-0.6891185
IDX-MSCIW,2025-02-25,-1.24064471
IDX-MSCIW,2025-02-26,-0.20917512
IDX-MSCIW,2025-02-27,0.12535554
IDX-MSCIW,2025-02-28,-0.02311196
IDX-MSCIW,2025-03-03,0.42704702
IDX-MSCIW,2025-03-04,-1.18841814
IDX-MSCIW,2025-03-05,0.95733703
IDX-MSCIW,2025-03-06,1.60453265
IDX-MSCIW,2025-03-07,-0.21545291
IDX-MSCIW,2025-03-10,-1.20035346
IDX-MSCIW,2025-03-11,0.58776963
IDX-MSCIW,2025-03-12,0.02718285
IDX-MSCIW,2025-03-13,0.48348679
IDX-MSCIW,2025-03-14,-3.20054232
IDX-MSCIW,2025-03-17,0.95855659
IDX-MSCIW,2025-03-18,2.63923585
IDX-MSCIW,2025-03-19,0.03857699
IDX-MSCIW,2025-03-20,-0.01301463
IDX-MSCIW,2025-03-21,0.35664833
IDX-MSCIW,2025-03-24,-0.81664929
IDX-MSCIW,2025-03-25,0.3744848
IDX-MSCIW,2025-03-26,1.10952289
IDX-MSCIW,2025-03-27,1.24691351
IDX-MSCIW,2025-03-28,-0.09031512
IDX-MSCIW,2025-03-31,-1.28651455
IDX-MSCIW,2025-04-01,-0.21938005
IDX-MSCIW,2025-04-02,2.09088925
IDX-MSCIW,2025-04-03,-0.37828599
IDX-MSCIW,2025-04-04,-0.83451282
IDX-MSCIW,2025-04-07,0.7155438
IDX-MSCIW,2025-04-08,0.67667292
IDX-MSCIW,2025-04-09,-0.47359996
IDX-MSCIW,2025-04-10,0.27633732
IDX-MSCIW,2025-04-11,0.30782468
IDX-MSCIW,2025-04-14,2.23583971
IDX-MSCIW,2025-04-15,-0.18961911
IDX-MSCIW,2025-04-16,-1.56014547
IDX-MSCIW,2025-04-17,0.45455871
IDX-MSCIW,2025-04-18,0.71368527
IDX-MSCIW,2025-04-21,-0.48640756
IDX-MSCIW,2025-04-22,0.49082671
IDX-MSCIW,2025-04-23,-0.17293915
IDX-MSCIW,2025-04-24,0.22809141
IDX-MSCIW,2025-04-25,-0.39244842
IDX-MSCIW,2025-04-28,1.99943733
IDX-MSCIW,2025-04-29,-0.86003904
IDX-MSCIW,2025-04-30,-0.37218212
IDX-MSCIW,2025-05-01,-0.243805
IDX-MSCIW,2025-05-02,0.23179882
IDX-MSCIW,2025-05-05,0.69109451
IDX-MSCIW,2025-05-06,0.26360552
IDX-MSCIW,2025-05-07,-0.48510246
IDX-MSCIW,2025-05-08,0.56391995
IDX-MSCIW,2025-05-09,1.16743999
IDX-MSCIW,2025-05-12,0.19203517
IDX-MSCIW,2025-05-13,-0.0480804
IDX-MSCIW,2025-05-14,-0.05292458
IDX-MSCIW,2025-05-15,0.07668603
IDX-MSCIW,2025-05-16,0.98460808
IDX-MSCIW,2025-05-19,1.49426722
IDX-MSCIW,2025-05-20,-0.83015693
IDX-MSCIW,2025-05-21,0.52766753
IDX-MSCIW,2025-05-22,-0.93945695
IDX-MSCIW,2025-05-23,0.42924664
IDX-MSCIW,2025-05-26,0.13057821
IDX-MSCIW,2025-05-27,-0.67776998
IDX-MSCIW,2025-05-28,-0.6481961
IDX-MSCIW,2025-05-29,-0.34666293
IDX-MSCIW,2025-05-30,0.93202247
IDX-MSCIW,2025-06-02,0.49701338
IDX-MSCIW,2025-06-03,0.66932368
IDX-MSCIW,2025-06-04,-0.24102582
IDX-MSCIW,2025-06-05,0.000598
IDX-MSCIW,2025-06-06,-1.16782978
IDX-MSCIW,2025-06-09,-0.36987952
IDX-MSCIW,2025-06-10,-1.2116086
IDX-MSCIW,2025-06-11,0.67089156
IDX-MSCIW,2025-06-12,0.67901563
IDX-MSCIW,2025-06-13,0.74619918
IDX-MSCIW,2025-06-16,0.14306253
IDX-MSCIW,2025-06-17,-0.60425192
IDX-MSCIW,2025-06-18,0.13058893
IDX-MSCIW,2025-06-19,-0.14236685
IDX-MSCIW,2025-06-20,-1.02509523
IDX-MSCIW,2025-06-23,0.27478925
IDX-MSCIW,2025-06-24,-0.34832668
IDX-MSCIW,2025-06-25,-0.33531008
IDX-MSCIW,2025-06-26,0.05310194
IDX-MSCIW,2025-06-27,1.14692642
IDX-MSCIW,2025-06-30,-0.4960666
IDX-MSCIW,2025-07-01,0.87393163
IDX-MSCIW,2025-07-02,1.03312016
IDX-MSCIW,2025-07-03,2.85559578
IDX-MSCIW,2025-07-04,0.44318015
IDX-MSCIW,2025-07-07,-0.18605647
IDX-MSCIW,2025-07-08,-0.00283042
IDX-MSCIW,2025-07-09,0.72846822
IDX-MSCIW,2025-07-10,2.23874854
IDX-MSCIW,2025-07-11,-1.00722208
IDX-MSCIW,2025-07-14,0.8415801
IDX-MSCIW,2025-07-15,-0.56610388
IDX-MSCIW,2025-07-16,-0.58768524
IDX-MSCIW,2025-07-17,0.00705478
IDX-MSCIW,2025-07-18,0.61704498
IDX-MSCIW,2025-07-21,0.35565374
IDX-MSCIW,2025-07-22,-2.3526091
IDX-MSCIW,2025-07-23,0.54728063
IDX-MSCIW,2025-07-24,-0.01627305
IDX-MSCIW,2025-07-25,0.12855732
IDX-MSCIW,2025-07-28,0.44839831
IDX-MSCIW,2025-07-29,-0.67751586
IDX-MSCIW,2025-07-30,0.13184715
IDX-MSCIW,2025-07-31,2.95365625
IDX-MSCIW,2025-08-01,-0.25008375
IDX-MSCIW,2025-08-04,0.12206959
IDX-MSCIW,2025-08-05,1.23284226
IDX-MSCIW,2025-08-06,-0.72145638
IDX-MSCIW,2025-08-07,0.59218159
IDX-MSCIW,2025-08-08,-0.57898827
IDX-MSCIW,2025-08-11,-0.11361547
IDX-MSCIW,2025-08-12,1.12685995
IDX-MSCIW,2025-08-13,-1.55230914
IDX-MSCIW,2025-08-14,-1.02465635
IDX-MSCIW,2025-08-15,1.31788819
IDX-MSCIW,2025-08-18,-0.00211296
IDX-MSCIW,2025-08-19,0.28280925
IDX-MSCIW,2025-08-20,0.57722374
IDX-MSCIW,2025-08-21,0.41041531
IDX-MSCIW,2025-08-22,-0.71163493
IDX-MSCIW,2025-08-25,0.57920196
IDX-MSCIW,2025-08-26,-0.65123214
IDX-MSCIW,2025-08-27,0.849701
IDX-MSCIW,2025-08-28,0.33074549
IDX-MSCIW,2025-08-29,-1.51081769
IDX-MSCIW,2025-09-01,-1.1656767
IDX-MSCIW,2025-09-02,0.1056541
IDX-MSCIW,2025-09-03,0.04049036
IDX-MSCIW,2025-09-04,-1.13986827
IDX-MSCIW,2025-09-05,-1.04413421
IDX-MSCIW,2025-09-08,0.26640583
IDX-MSCIW,2025-09-09,-0.93818992
IDX-MSCIW,2025-09-10,0.13379734
IDX-MSCIW,2025-09-11,0.14741746
IDX-MSCIW,2025-09-12,-0.22444673
IDX-MSCIW,2025-09-15,-0.2050142
IDX-MSCIW,2025-09-16,-0.92729142
IDX-MSCIW,2025-09-17,0.17569051
IDX-MSCIW,2025-09-18,-0.62775873
IDX-MSCIW,2025-09-19,0.54396822
IDX-MSCIW,2025-09-22,0.04007098
IDX-MSCIW,2025-09-23,-0.25777409
IDX-MSCIW,2025-09-24,-0.92276586
IDX-MSCIW,2025-09-25,0.80246115
IDX-MSCIW,2025-09-26,-0.04329408
IDX-MSCIW,2025-09-29,0.87700185
IDX-MSCIW,2025-09-30,0.24711659
IDX-MSCIW,2025-10-01,1.86699443
IDX-MSCIW,2025-10-02,2.2061916
IDX-MSCIW,2025-10-03,-0.12274235
IDX-MSCIW,2025-10-06,-1.9812135
IDX-MSCIW,2025-10-07,-0.68016944
IDX-MSCIW,2025-10-08,0.70862144
IDX-MSCIW,2025-10-09,0.87486697
IDX-MSCIW,2025-10-10,-1.08630743
IDX-MSCIW,2025-10-13,1.41185681
IDX-MSCIW,2025-10-14,-0.28858535
IDX-MSCIW,2025-10-15,1.96203254
IDX-MSCIW,2025-10-16,0.49626786
IDX-MSCIW,2025-10-17,-0.13139251
IDX-MSCIW,2025-10-20,1.3323957
IDX-MSCIW,2025-10-21,-1.02681481
IDX-MSCIW,2025-10-22,0.68772653
IDX-MSCIW,2025-10-23,-0.27332878
IDX-MSCIW,2025-10-24,0.13088646
IDX-MSCIW,2025-10-27,-1.17046396
IDX-MSCIW,2025-10-28,0.44815753
IDX-MSCIW,2025-10-29,0.1209432
IDX-MSCIW,2025-10-30,-1.80559423
IDX-MSCIW,2025-10-31,0.96614484
IDX-MSCIW,2025-11-03,-1.802331
IDX-MSCIW,2025-11-04,-0.22610243
IDX-MSCIW,2025-11-05,1.51210618
IDX-MSCIW,2025-11-06,0.13708005
IDX-MSCIW,2025-11-07,-0.6864791
IDX-MSCIW,2025-11-10,-2.22979
IDX-MSCIW,2025-11-11,-0.01104589
IDX-MSCIW,2025-11-12,-0.27984344
IDX-MSCIW,2025-11-13,0.21641108
IDX-MSCIW,2025-11-14,0.23200667
IDX-MSCIW,2025-11-17,-0.82864305
IDX-MSCIW,2025-11-18,0.20541345
IDX-MSCIW,2025-11-19,0.23940532
IDX-MSCIW,2025-11-20,-1.40783114
IDX-MSCIW,2025-11-21,-0.09820844
IDX-MSCIW,2025-11-24,0.36578528
IDX-MSCIW,2025-11-25,1.07661765
IDX-MSCIW,2025-11-26,-0.60483684
IDX-MSCIW,2025-11-27,0.87164343
IDX-MSCIW,2025-11-28,-0.99523849
IDX-MSCIW,2025-12-01,-1.70702988
IDX-MSCIW,2025-12-02,-0.77413061
IDX-MSCIW,2025-12-03,0.44828435
IDX-MSCIW,2025-12-04,1.04070731
IDX-MSCIW,2025-12-05,-0.81207391
IDX-MSCIW,2025-12-08,-1.09310992
IDX-MSCIW,2025-12-09,0.69023789
IDX-MSCIW,2025-12-10,0.7078726
IDX-MSCIW,2025-12-11,-0.82027949
IDX-MSCIW,2025-12-12,0.77822638
IDX-MSCIW,2025-12-15,-1.84059207
IDX-MSCIW,2025-12-16,-0.9466107
IDX-MSCIW,2025-12-17,-0.95439022
IDX-MSCIW,2025-12-18,-0.93384288
IDX-MSCIW,2025-12-19,-0.77833037
IDX-MSCIW,2025-12-22,0.36791948
IDX-MSCIW,2025-12-23,-0.35848887
IDX-MSCIW,2025-12-24,-0.01046179
IDX-MSCIW,2025-12-25,0.06630349
IDX-MSCIW,2025-12-26,0.49213205
IDX-MSCIW,2025-12-29,0.566735
IDX-MSCIW,2025-12-30,-0.11104402
IDX-MSCIW,2025-12-31,0.93775038
IDX-FTSEBOND,2024-12-24,-0.11396975
IDX-FTSEBOND,2024-12-25,-0.48047774
IDX-FTSEBOND,2024-12-26,0.36390646
IDX-FTSEBOND,2024-12-27,-0.27874146
IDX-FTSEBOND,2024-12-30,-0.03811497
IDX-FTSEBOND,2024-12-31,-0.11370198
IDX-FTSEBOND,2025-01-01,-0.38649613
IDX-FTSEBOND,2025-01-02,-0.4611337
IDX-FTSEBOND,2025-01-03,-0.23785544
IDX-FTSEBOND,2025-01-06,0.33994753
IDX-FTSEBOND,2025-01-07,0.21343358
IDX-FTSEBOND,2025-01-08,-0.34104855
IDX-FTSEBOND,2025-01-09,-0.2822499
IDX-FTSEBOND,2025-01-10,-0.06096416
IDX-FTSEBOND,2025-01-13,0.12506234
IDX-FTSEBOND,2025-01-14,0.32423159
IDX-FTSEBOND,2025-01-15,-1.08695777
IDX-FTSEBOND,2025-01-16,0.37915398
IDX-FTSEBOND,2025-01-17,-0.55668347
IDX-FTSEBOND,2025-01-20,0.54034261
IDX-FTSEBOND,2025-01-21,-0.32401581
IDX-FTSEBOND,2025-01-22,-0.40693345
IDX-FTSEBOND,2025-01-23,-0.01199036
IDX-FTSEBOND,2025-01-24,-0.01658202
IDX-FTSEBOND,2025-01-27,-0.22971628
IDX-FTSEBOND,2025-01-28,0.66577236
IDX-FTSEBOND,2025-01-29,0.32136105
IDX-FTSEBOND,2025-01-30,-0.36771008
IDX-FTSEBOND,2025-01-31,0.67660523
IDX-FTSEBOND,2025-02-03,-0.40635652
IDX-FTSEBOND,2025-02-04,-0.41661553
IDX-FTSEBOND,2025-02-05,-0.01240919
IDX-FTSEBOND,2025-02-06,0.67329422
IDX-FTSEBOND,2025-02-07,0.15724527
IDX-FTSEBOND,2025-02-10,0.14996897
IDX-FTSEBOND,2025-02-11,-0.03250096
IDX-FTSEBOND,2025-02-12,0.12213318
IDX-FTSEBOND,2025-02-13,-0.13834944
IDX-FTSEBOND,2025-02-14,-0.08127702
IDX-FTSEBOND,2025-02-17,0.33465578
IDX-FTSEBOND,2025-02-18,0.11183563
IDX-FTSEBOND,2025-02-19,0.02204672
IDX-FTSEBOND,2025-02-20,0.25421819
IDX-FTSEBOND,2025-02-21,0.28140872
IDX-FTSEBOND,2025-02-24,-0.36200727
IDX-FTSEBOND,2025-02-25,-0.70911279
IDX-FTSEBOND,2025-02-26,-0.00052226
IDX-FTSEBOND,2025-02-27,-0.1238718
IDX-FTSEBOND,2025-02-28,-0.61071798
IDX-FTSEBOND,2025-03-03,-0.34336538
IDX-FTSEBOND,2025-03-04,-0.06656562
IDX-FTSEBOND,2025-03-05,-0.01367952
IDX-FTSEBOND,2025-03-06,-0.23793802
IDX-FTSEBOND,2025-03-07,-0.36552303
IDX-FTSEBOND,2025-03-10,0.15415373
IDX-FTSEBOND,2025-03-11,-0.28520416
IDX-FTSEBOND,2025-03-12,0.22468059
IDX-FTSEBOND,2025-03-13,0.2309867
IDX-FTSEBOND,2025-03-14,0.07500806
IDX-FTSEBOND,2025-03-17,-0.63364544
IDX-FTSEBOND,2025-03-18,-0.13843306
IDX-FTSEBOND,2025-03-19,0.44066398
IDX-FTSEBOND,2025-03-20,-0.51611165
IDX-FTSEBOND,2025-03-21,0.24770322
IDX-FTSEBOND,2025-03-24,0.24735118
IDX-FTSEBOND,2025-03-25,0.32574116
IDX-FTSEBOND,2025-03-26,-0.20053865
IDX-FTSEBOND,2025-03-27,-0.27444269
IDX-FTSEBOND,2025-03-28,0.37620902
IDX-FTSEBOND,2025-03-31,0.71905354
IDX-FTSEBOND,2025-04-01,-0.15797726
IDX-FTSEBOND,2025-04-02,-0.27441753
IDX-FTSEBOND,2025-04-03,-0.00543967
IDX-FTSEBOND,2025-04-04,-0.04830417
IDX-FTSEBOND,2025-04-07,0.49665324
IDX-FTSEBOND,2025-04-08,-0.2574406
IDX-FTSEBOND,2025-04-09,0.00386587
IDX-FTSEBOND,2025-04-10,0.01028824
IDX-FTSEBOND,2025-04-11,0.49075289
IDX-FTSEBOND,2025-04-14,0.00772418
IDX-FTSEBOND,2025-04-15,-0.01916694
IDX-FTSEBOND,2025-04-16,-0.21904995
IDX-FTSEBOND,2025-04-17,0.1710086
IDX-FTSEBOND,2025-04-18,-0.31955141
IDX-FTSEBOND,2025-04-21,0.83010184
IDX-FTSEBOND,2025-04-22,-0.3436211
IDX-FTSEBOND,2025-04-23,0.24811257
IDX-FTSEBOND,2025-04-24,-0.44019478
IDX-FTSEBOND,2025-04-25,-0.02977399
IDX-FTSEBOND,2025-04-28,0.21504128
IDX-FTSEBOND,2025-04-29,-0.46159756
IDX-FTSEBOND,2025-04-30,0.41246447
IDX-FTSEBOND,2025-05-01,-0.0258049
IDX-FTSEBOND,2025-05-02,-0.33149588
IDX-FTSEBOND,2025-05-05,0.00817876
IDX-FTSEBOND,2025-05-06,-0.14782302
IDX-FTSEBOND,2025-05-07,-0.13904659
IDX-FTSEBOND,2025-05-08,-0.08966775
IDX-FTSEBOND,2025-05-09,0.43584123
IDX-FTSEBOND,2025-05-12,0.53553159
IDX-FTSEBOND,2025-05-13,0.38911696
IDX-FTSEBOND,2025-05-14,-0.40292185
IDX-FTSEBOND,2025-05-15,0.04911781
IDX-FTSEBOND,2025-05-16,0.04655452
IDX-FTSEBOND,2025-05-19,-0.32161099
IDX-FTSEBOND,2025-05-20,-0.10519484
IDX-FTSEBOND,2025-05-21,-0.18580653
IDX-FTSEBOND,2025-05-22,0.24315235
IDX-FTSEBOND,2025-05-23,0.0290669
IDX-FTSEBOND,2025-05-26,-0.52557351
IDX-FTSEBOND,2025-05-27,0.00621311
IDX-FTSEBOND,2025-05-28,-0.2150279
IDX-FTSEBOND,2025-05-29,-0.47947206
IDX-FTSEBOND,2025-05-30,-0.63826215
IDX-FTSEBOND,2025-06-02,-0.01376606
IDX-FTSEBOND,2025-06-03,0.67968799
IDX-FTSEBOND,2025-06-04,0.98200354
IDX-FTSEBOND,2025-06-05,0.09510574
IDX-FTSEBOND,2025-06-06,0.14079833
IDX-FTSEBOND,2025-06-09,-0.1930138
IDX-FTSEBOND,2025-06-10,-0.20676786
IDX-FTSEBOND,2025-06-11,0.77376105
IDX-FTSEBOND,2025-06-12,-0.14742303
IDX-FTSEBOND,2025-06-13,-0.03533025
IDX-FTSEBOND,2025-06-16,-0.11025427
IDX-FTSEBOND,2025-06-17,0.08260448
IDX-FTSEBOND,2025-06-18,0.15863295
IDX-FTSEBOND,2025-06-19,0.19047018
IDX-FTSEBOND,2025-06-20,-0.12292396
IDX-FTSEBOND,2025-06-23,-0.15480579
IDX-FTSEBOND,2025-06-24,-0.19814209
IDX-FTSEBOND,2025-06-25,0.00437543
IDX-FTSEBOND,2025-06-26,0.17201019
IDX-FTSEBOND,2025-06-27,-0.05686537
IDX-FTSEBOND,2025-06-30,0.15654231
IDX-FTSEBOND,2025-07-01,-0.00628513
IDX-FTSEBOND,2025-07-02,-0.25102252
IDX-FTSEBOND,2025-07-03,0.40067749
IDX-FTSEBOND,2025-07-04,-0.31228125
IDX-FTSEBOND,2025-07-07,-0.38563274
IDX-FTSEBOND,2025-07-08,-0.04529653
IDX-FTSEBOND,2025-07-09,0.1115857
IDX-FTSEBOND,2025-07-10,-0.4668801
IDX-FTSEBOND,2025-07-11,0.05149681
IDX-FTSEBOND,2025-07-14,0.07082824
IDX-FTSEBOND,2025-07-15,-0.36657505
IDX-FTSEBOND,2025-07-16,-0.41720371
IDX-FTSEBOND,2025-07-17,-0.20410656
IDX-FTSEBOND,2025-07-18,0.35734185
IDX-FTSEBOND,2025-07-21,0.29289394
IDX-FTSEBOND,2025-07-22,-0.02346281
IDX-FTSEBOND,2025-07-23,-0.22588593
IDX-FTSEBOND,2025-07-24,-0.06818673
IDX-FTSEBOND,2025-07-25,-0.14377592
IDX-FTSEBOND,2025-07-28,-0.10410249
IDX-FTSEBOND,2025-07-29,0.0263554
IDX-FTSEBOND,2025-07-30,-0.13192263
IDX-FTSEBOND,2025-07-31,0.2660892
IDX-FTSEBOND,2025-08-01,0.11266859
IDX-FTSEBOND,2025-08-04,0.02006376
IDX-FTSEBOND,2025-08-05,-0.0687214
IDX-FTSEBOND,2025-08-06,-0.03579581
IDX-FTSEBOND,2025-08-07,0.08998546
IDX-FTSEBOND,2025-08-08,0.0211346
IDX-FTSEBOND,2025-08-11,-0.19546532
IDX-FTSEBOND,2025-08-12,0.22322514
IDX-FTSEBOND,2025-08-13,-0.25925376
IDX-FTSEBOND,2025-08-14,0.34935113
IDX-FTSEBOND,2025-08-15,-0.45296249
IDX-FTSEBOND,2025-08-18,-0.09805313
IDX-FTSEBOND,2025-08-19,-0.00700732
IDX-FTSEBOND,2025-08-20,-0.25089624
IDX-FTSEBOND,2025-08-21,0.25850317
IDX-FTSEBOND,2025-08-22,-0.72976296
IDX-FTSEBOND,2025-08-25,-0.06758959
IDX-FTSEBOND,2025-08-26,0.06250999
IDX-FTSEBOND,2025-08-27,-0.4193542
IDX-FTSEBOND,2025-08-28,-0.59058717
IDX-FTSEBOND,2025-08-29,-0.23307903
IDX-FTSEBOND,2025-09-01,-0.07212309
IDX-FTSEBOND,2025-09-02,-0.11569292
IDX-FTSEBOND,2025-09-03,0.22335212
IDX-FTSEBOND,2025-09-04,0.40951316
IDX-FTSEBOND,2025-09-05,-0.28324257
IDX-FTSEBOND,2025-09-08,-0.4036382
IDX-FTSEBOND,2025-09-09,0.23378539
IDX-FTSEBOND,2025-09-10,-0.14253718
IDX-FTSEBOND,2025-09-11,0.31065529
IDX-FTSEBOND,2025-09-12,0.55099789
IDX-FTSEBOND,2025-09-15,-0.03812492
IDX-FTSEBOND,2025-09-16,-0.25799496
IDX-FTSEBOND,2025-09-17,-0.00277973
IDX-FTSEBOND,2025-09-18,0.04490856
IDX-FTSEBOND,2025-09-19,-0.20025352
IDX-FTSEBOND,2025-09-22,0.28390249
IDX-FTSEBOND,2025-09-23,0.43626712
IDX-FTSEBOND,2025-09-24,0.03944639
IDX-FTSEBOND,2025-09-25,-0.20121275
IDX-FTSEBOND,2025-09-26,-0.10893161
IDX-FTSEBOND,2025-09-29,-0.27052814
IDX-FTSEBOND,2025-09-30,-0.70279753
IDX-FTSEBOND,2025-10-01,0.08463899
IDX-FTSEBOND,2025-10-02,0.01803433
IDX-FTSEBOND,2025-10-03,-0.30243055
IDX-FTSEBOND,2025-10-06,-0.50515645
IDX-FTSEBOND,2025-10-07,-0.46722854
IDX-FTSEBOND,2025-10-08,-0.46993004
IDX-FTSEBOND,2025-10-09,0.23948734
IDX-FTSEBOND,2025-10-10,0.01339731
IDX-FTSEBOND,2025-10-13,-0.57267531
IDX-FTSEBOND,2025-10-14,0.36441524
IDX-FTSEBOND,2025-10-15,0.22555016
IDX-FTSEBOND,2025-10-16,0.45498287
IDX-FTSEBOND,2025-10-17,0.41453947
IDX-FTSEBOND,2025-10-20,0.49119493
IDX-FTSEBOND,2025-10-21,0.3840199
IDX-FTSEBOND,2025-10-22,0.52774854
IDX-FTSEBOND,2025-10-23,0.25065388
IDX-FTSEBOND,2025-10-24,-0.19103229
IDX-FTSEBOND,2025-10-27,0.13451096
IDX-FTSEBOND,2025-10-28,0.13382178
IDX-FTSEBOND,2025-10-29,0.05727476
IDX-FTSEBOND,2025-10-30,-0.30391849
IDX-FTSEBOND,2025-10-31,0.22445858
IDX-FTSEBOND,2025-11-03,-0.06490368
IDX-FTSEBOND,2025-11-04,0.24689383
IDX-FTSEBOND,2025-11-05,-0.2582614
IDX-FTSEBOND,2025-11-06,0.17404378
IDX-FTSEBOND,2025-11-07,0.22306438
IDX-FTSEBOND,2025-11-10,-0.01274468
IDX-FTSEBOND,2025-11-11,-0.03127783
IDX-FTSEBOND,2025-11-12,0.26662092
IDX-FTSEBOND,2025-11-13,-0.11351353
IDX-FTSEBOND,2025-11-14,-0.03759168
IDX-FTSEBOND,2025-11-17,0.3652255
IDX-FTSEBOND,2025-11-18,-0.04300389
IDX-FTSEBOND,2025-11-19,-0.24057323
IDX-FTSEBOND,2025-11-20,-0.12940929
IDX-FTSEBOND,2025-11-21,0.06702955
IDX-FTSEBOND,2025-11-24,-0.6857176
IDX-FTSEBOND,2025-11-25,0.3206221
IDX-FTSEBOND,2025-11-26,-0.07113673
IDX-FTSEBOND,2025-11-27,0.45717041
IDX-FTSEBOND,2025-11-28,-0.09040768
IDX-FTSEBOND,2025-12-01,0.40045598
IDX-FTSEBOND,2025-12-02,0.19368936
IDX-FTSEBOND,2025-12-03,0.37736666
IDX-FTSEBOND,2025-12-04,0.66195547
IDX-FTSEBOND,2025-12-05,-0.04801957
IDX-FTSEBOND,2025-12-08,0.28022642
IDX-FTSEBOND,2025-12-09,-0.27823219
IDX-FTSEBOND,2025-12-10,0.25138649
IDX-FTSEBOND,2025-12-11,0.03862254
IDX-FTSEBOND,2025-12-12,-0.09534392
IDX-FTSEBOND,2025-12-15,0.55344917
IDX-FTSEBOND,2025-12-16,0.32589669
IDX-FTSEBOND,2025-12-17,0.09686629
IDX-FTSEBOND,2025-12-18,0.12906221
IDX-FTSEBOND,2025-12-19,0.31440711
IDX-FTSEBOND,2025-12-22,-0.44326772
IDX-FTSEBOND,2025-12-23,0.07509336
IDX-FTSEBOND,2025-12-24,0.11462833
IDX-FTSEBOND,2025-12-25,0.18345771
IDX-FTSEBOND,2025-12-26,0.30363812
IDX-FTSEBOND,2025-12-29,0.22565396
IDX-FTSEBOND,2025-12-30,-0.47027121
IDX-FTSEBOND,2025-12-31,-0.06219469
IDX-SP500,2024-12-24,-1.13886935
IDX-SP500,2024-12-25,0.05990248
IDX-SP500,2024-12-26,0.77593668
IDX-SP500,2024-12-27,-0.79116513
IDX-SP500,2024-12-30,0.84298595
IDX-SP500,2024-12-31,0.27680719
IDX-SP500,2025-01-01,-0.58058467
IDX-SP500,2025-01-02,0.4765802
IDX-SP500,2025-01-03,0.19247425
IDX-SP500,2025-01-06,-1.35984838
IDX-SP500,2025-01-07,2.56835076
IDX-SP500,2025-01-08,-0.72118954
IDX-SP500,2025-01-09,-0.65845605
IDX-SP500,2025-01-10,-0.01790619
IDX-SP500,2025-01-13,0.84334279
IDX-SP500,2025-01-14,-0.46685734
IDX-SP500,2025-01-15,-1.16499856
IDX-SP500,2025-01-16,1.04187552
IDX-SP500,2025-01-17,1.35838534
IDX-SP500,2025-01-20,-1.60560758
IDX-SP500,2025-01-21,0.32517054
IDX-SP500,2025-01-22,-0.10551076
IDX-SP500,2025-01-23,0.48595632
IDX-SP500,2025-01-24,-0.12928256
IDX-SP500,2025-01-27,-1.28288692
IDX-SP500,2025-01-28,0.52407062
IDX-SP500,2025-01-29,-0.02456457
IDX-SP500,2025-01-30,-1.94474084
IDX-SP500,2025-01-31,-1.34593965
IDX-SP500,2025-02-03,-0.36798561
IDX-SP500,2025-02-04,-0.05149818
IDX-SP500,2025-02-05,0.08378358
IDX-SP500,2025-02-06,0.20646852
IDX-SP500,2025-02-07,-1.38503739
IDX-SP500,2025-02-10,-0.32252691
IDX-SP500,2025-02-11,-0.19158226
IDX-SP500,2025-02-12,-0.08930168
IDX-SP500,2025-02-13,-0.06676423
IDX-SP500,2025-02-14,2.30148276
IDX-SP500,2025-02-17,-0.22495907
IDX-SP500,2025-02-18,-0.51591348
IDX-SP500,2025-02-19,-0.78051091
IDX-SP500,2025-02-20,-0.84655601
IDX-SP500,2025-02-21,-0.14235049
IDX-SP500,2025-02-24,1.59003534
IDX-SP500,2025-02-25,0.07694682
IDX-SP500,2025-02-26,0.86966312
IDX-SP500,2025-02-27,-0.34158604
IDX-SP500,2025-02-28,1.24480815
IDX-SP500,2025-03-03,0.36301099
IDX-SP500,2025-03-04,1.50404824
IDX-SP500,2025-03-05,-0.55599858
IDX-SP500,2025-03-06,0.05833644
IDX-SP500,2025-03-07,0.49628696
IDX-SP500,2025-03-10,0.32101933
IDX-SP500,2025-03-11,-1.2776578
IDX-SP500,2025-03-12,1.24995483
IDX-SP500,2025-03-13,-0.49689536
IDX-SP500,2025-03-14,-1.62805758
IDX-SP500,2025-03-17,-1.35576264
IDX-SP500,2025-03-18,-3.2667037
IDX-SP500,2025-03-19,0.93296936
IDX-SP500,2025-03-20,-0.49040753
IDX-SP500,2025-03-21,-0.19754763
IDX-SP500,2025-03-24,1.25495527
IDX-SP500,2025-03-25,-0.97790506
IDX-SP500,2025-03-26,1.03273875
IDX-SP500,2025-03-27,1.12664879
IDX-SP500,2025-03-28,-2.11413923
IDX-SP500,2025-03-31,1.12158763
IDX-SP500,2025-04-01,-0.4301307
IDX-SP500,2025-04-02,0.27328328
IDX-SP500,2025-04-03,0.00705906
IDX-SP500,2025-04-04,2.14690446
IDX-SP500,2025-04-07,1.20016394
IDX-SP500,2025-04-08,-0.86099218
IDX-SP500,2025-04-09,0.00969071
IDX-SP500,2025-04-10,0.79692904
IDX-SP500,2025-04-11,-1.27285418
IDX-SP500,2025-04-14,-1.21458944
IDX-SP500,2025-04-15,1.17906155
IDX-SP500,2025-04-16,0.21075564
IDX-SP500,2025-04-17,-0.3323299
IDX-SP500,2025-04-18,0.07939413
IDX-SP500,2025-04-21,0.05303619
IDX-SP500,2025-04-22,0.26042007
IDX-SP500,2025-04-23,-1.2337624
IDX-SP500,2025-04-24,-0.11752906
IDX-SP500,2025-04-25,-0.59778374
IDX-SP500,2025-04-28,0.35012814
IDX-SP500,2025-04-29,-0.09374533
IDX-SP500,2025-04-30,-0.64483038
IDX-SP500,2025-05-01,-1.16127003
IDX-SP500,2025-05-02,-2.15464973
IDX-SP500,2025-05-05,-0.51016861
IDX-SP500,2025-05-06,-0.62469712
IDX-SP500,2025-05-07,-0.21029687
IDX-SP500,2025-05-08,-0.60350451
IDX-SP500,2025-05-09,-1.45651708
IDX-SP500,2025-05-12,1.26594696
IDX-SP500,2025-05-13,0.66946609
IDX-SP500,2025-05-14,1.01564387
IDX-SP500,2025-05-15,-1.77632676
IDX-SP500,2025-05-16,-1.95511401
IDX-SP500,2025-05-19,-2.83896284
IDX-SP500,2025-05-20,0.26169811
IDX-SP500,2025-05-21,0.71614872
IDX-SP500,2025-05-22,-1.136145
IDX-SP500,2025-05-23,1.04020225
IDX-SP500,2025-05-26,0.79890602
IDX-SP500,2025-05-27,-1.03702504
IDX-SP500,2025-05-28,0.4681361
IDX-SP500,2025-05-29,0.7346709
IDX-SP500,2025-05-30,-0.16591006
IDX-SP500,2025-06-02,-0.40040834
IDX-SP500,2025-06-03,-1.60875286
IDX-SP500,2025-06-04,-2.3263573
IDX-SP500,2025-06-05,-1.27445231
IDX-SP500,2025-06-06,-0.052802
IDX-SP500,2025-06-09,0.17190406
IDX-SP500,2025-06-10,-1.14799342
IDX-SP500,2025-06-11,-0.60149801
IDX-SP500,2025-06-12,-1.33106569
IDX-SP500,2025-06-13,0.00442522
IDX-SP500,2025-06-16,-0.18294684
IDX-SP500,2025-06-17,0.14016644
IDX-SP500,2025-06-18,0.47962551
IDX-SP500,2025-06-19,0.00577564
IDX-SP500,2025-06-20,0.61520491
IDX-SP500,2025-06-23,-0.38095801
IDX-SP500,2025-06-24,0.40240605
IDX-SP500,2025-06-25,1.42260291
IDX-SP500,2025-06-26,1.04949804
IDX-SP500,2025-06-27,0.5531413
IDX-SP500,2025-06-30,0.91950649
IDX-SP500,2025-07-01,-0.13273411
IDX-SP500,2025-07-02,-0.34983917
IDX-SP500,2025-07-03,1.01277337
IDX-SP500,2025-07-04,0.64969812
IDX-SP500,2025-07-07,-0.20660317
IDX-SP500,2025-07-08,-0.49702096
IDX-SP500,2025-07-09,0.00713126
IDX-SP500,2025-07-10,-0.35934525
IDX-SP500,2025-07-11,-0.95405104
IDX-SP500,2025-07-14,-0.79213894
IDX-SP500,2025-07-15,-1.20025764
IDX-SP500,2025-07-16,-0.33300396
IDX-SP500,2025-07-17,0.99435792
IDX-SP500,2025-07-18,-0.94403856
IDX-SP500,2025-07-21,-1.40709421
IDX-SP500,2025-07-22,-1.28770221
IDX-SP500,2025-07-23,-0.45466176
IDX-SP500,2025-07-24,-1.24806462
IDX-SP500,2025-07-25,-0.18364505
IDX-SP500,2025-07-28,-0.54396335
IDX-SP500,2025-07-29,-0.20401951
IDX-SP500,2025-07-30,0.04681117
IDX-SP500,2025-07-31,-0.84006621
IDX-SP500,2025-08-01,1.87013992
IDX-SP500,2025-08-04,0.00869553
IDX-SP500,2025-08-05,-0.19610534
IDX-SP500,2025-08-06,-1.43437938
IDX-SP500,2025-08-07,2.70232103
IDX-SP500,2025-08-08,1.8648408
IDX-SP500,2025-08-11,-1.12864963
IDX-SP500,2025-08-12,-1.35744342
IDX-SP500,2025-08-13,0.52278316
IDX-SP500,2025-08-14,1.39561458
IDX-SP500,2025-08-15,0.96678244
IDX-SP500,2025-08-18,-0.65700884
IDX-SP500,2025-08-19,0.38403848
IDX-SP500,2025-08-20,1.33093905
IDX-SP500,2025-08-21,0.2332225
IDX-SP500,2025-08-22,-0.50295276
IDX-SP500,2025-08-25,-0.23151026
IDX-SP500,2025-08-26,-1.76277945
IDX-SP500,2025-08-27,-0.0153406
IDX-SP500,2025-08-28,0.51335989
IDX-SP500,2025-08-29,2.12233167
IDX-SP500,2025-09-01,-0.2518717
IDX-SP500,2025-09-02,-0.45114327
IDX-SP500,2025-09-03,1.50738614
IDX-SP500,2025-09-04,-1.31499088
IDX-SP500,2025-09-05,-0.11551017
IDX-SP500,2025-09-08,1.20885657
IDX-SP500,2025-09-09,-0.2397863
IDX-SP500,2025-09-10,1.26791113
IDX-SP500,2025-09-11,1.16362974
IDX-SP500,2025-09-12,-1.7072041
IDX-SP500,2025-09-15,-0.98695869
IDX-SP500,2025-09-16,-1.09307374
IDX-SP500,2025-09-17,0.66701953
IDX-SP500,2025-09-18,0.05888713
IDX-SP500,2025-09-19,-0.07532616
IDX-SP500,2025-09-22,-0.11196452
IDX-SP500,2025-09-23,-0.05968125
IDX-SP500,2025-09-24,-2.41129064
IDX-SP500,2025-09-25,-0.23749087
IDX-SP500,2025-09-26,0.42283689
IDX-SP500,2025-09-29,-1.95093472
IDX-SP500,2025-09-30,-1.79769252
IDX-SP500,2025-10-01,0.69522805
IDX-SP500,2025-10-02,0.44032049
IDX-SP500,2025-10-03,0.69257052
IDX-SP500,2025-10-06,-1.90921587
IDX-SP500,2025-10-07,-0.4795381
IDX-SP500,2025-10-08,-0.13217588
IDX-SP500,2025-10-09,1.10610671
IDX-SP500,2025-10-10,-2.62744717
IDX-SP500,2025-10-13,-1.21553641
IDX-SP500,2025-10-14,-0.7245822
IDX-SP500,2025-10-15,1.11344891
IDX-SP500,2025-10-16,-0.61399057
IDX-SP500,2025-10-17,-0.75019425
IDX-SP500,2025-10-20,-0.72884967
IDX-SP500,2025-10-21,-0.23206983
IDX-SP500,2025-10-22,1.43651932
IDX-SP500,2025-10-23,0.79501381
IDX-SP500,2025-10-24,-0.06708846
IDX-SP500,2025-10-27,-1.39169743
IDX-SP500,2025-10-28,-1.52179531
IDX-SP500,2025-10-29,-0.56143708
IDX-SP500,2025-10-30,1.53949869
IDX-SP500,2025-10-31,-0.05872331
IDX-SP500,2025-11-03,0.85244201
IDX-SP500,2025-11-04,-0.87953255
IDX-SP500,2025-11-05,0.48036179
IDX-SP500,2025-11-06,2.63296217
IDX-SP500,2025-11-07,0.00538722
IDX-SP500,2025-11-10,-1.05618741
IDX-SP500,2025-11-11,1.52583022
IDX-SP500,2025-11-12,-1.07243301
IDX-SP500,2025-11-13,2.09594174
IDX-SP500,2025-11-14,1.79886424
IDX-SP500,2025-11-17,0.87757144
IDX-SP500,2025-11-18,-1.73321779
IDX-SP500,2025-11-19,-0.91832937
IDX-SP500,2025-11-20,0.22659484
IDX-SP500,2025-11-21,-1.49628342
IDX-SP500,2025-11-24,0.17020966
IDX-SP500,2025-11-25,0.83426828
IDX-SP500,2025-11-26,0.89463018
IDX-SP500,2025-11-27,0.10521187
IDX-SP500,2025-11-28,0.17894312
IDX-SP500,2025-12-01,1.45235797
IDX-SP500,2025-12-02,0.89728801
IDX-SP500,2025-12-03,0.55726005
IDX-SP500,2025-12-04,0.31019723
IDX-SP500,2025-12-05,0.25171823
IDX-SP500,2025-12-08,0.93225397
IDX-SP500,2025-12-09,1.22525111
IDX-SP500,2025-12-10,0.9097401
IDX-SP500,2025-12-11,-1.08422716
IDX-SP500,2025-12-12,0.08147462
IDX-SP500,2025-12-15,-1.15887363
IDX-SP500,2025-12-16,-1.48622664
IDX-SP500,2025-12-17,-0.523317
IDX-SP500,2025-12-18,0.57981449
IDX-SP500,2025-12-19,0.23566379
IDX-SP500,2025-12-22,-0.12094118
IDX-SP500,2025-12-23,-0.55340771
IDX-SP500,2025-12-24,1.24414031
IDX-SP500,2025-12-25,-0.54338142
IDX-SP500,2025-12-26,-0.94700665
IDX-SP500,2025-12-29,0.12817822
IDX-SP500,2025-12-30,-0.52875935
IDX-SP500,2025-12-31,-0.23743772
