ACCOUNT_ID,FUND_CODE,INVESTOR_NAME,EMAIL,PHONE,CITY,PROVINCE,ADVISOR_NAME,UNITS_HELD,ACCOUNT_OPEN_DATE,KYC_NOTES
ACCT-100000,CIF-BAL-60-03,Nkechi O'Brien,nkechi.obrien@example-mail.ca,(577) 467-2551,Winnipeg,MB,A. Osei,39712.0246,2024-07-23,Risk tolerance reviewed at annual check-in. No change to mandate.
ACCT-100001,CIF-CAD-EQ-01,Quentin Mensah,quentin.mensah@example-mail.ca,(253) 607-6663,Vancouver,BC,M. Delacroix,727.1992,2021-11-15,Periodic review complete. Holdings consistent with stated objectives.
ACCT-100002,CIF-CAD-EQ-01,Priya Kowalski,priya.kowalski@example-mail.ca,(665) 498-6567,Calgary,AB,A. Osei,15950.2011,2020-05-10,Priya Kowalski requested a call back; best reached at (665) 498-6567 after 4pm ET.
ACCT-100003,CIF-FIX-IN-04,Oliver Silva,oliver.silva@example-mail.ca,(420) 745-7206,Vancouver,BC,T. Ferraro,33717.3408,2022-10-03,Verified identity against SIN ending 939 before processing the transfer.
ACCT-100004,CIF-USD-EQ-05,Rosalie O'Brien,rosalie.obrien@example-mail.ca,(450) 542-1960,Halifax,NS,S. Rahman,28132.0601,2017-11-06,Spousal contribution limits discussed; no action required this period.
ACCT-100005,CIF-FIX-IN-04,Viktor MacLeod,viktor.macleod@example-mail.ca,(904) 519-4784,Toronto,ON,M. Delacroix,42345.0799,2024-01-11,Spousal contribution limits discussed; no action required this period.
ACCT-100006,CIF-CAD-EQ-01,Chen Vandenberg,chen.vandenberg@example-mail.ca,(648) 694-5716,Toronto,ON,T. Ferraro,47586.4453,2023-04-25,Client asked that statements go to chen.vandenberg@example-mail.ca instead of the address on file.
ACCT-100007,CIF-USD-EQ-05,Liam Nakamura,liam.nakamura@example-mail.ca,(793) 994-4936,Vancouver,BC,A. Osei,40718.4492,2022-08-26,Account flagged for systematic withdrawal plan review in Q3.
ACCT-100008,CIF-USD-EQ-05,Oliver Kowalski,oliver.kowalski@example-mail.ca,(489) 694-6672,Winnipeg,MB,M. Delacroix,16802.5049,2016-09-21,Spoke with Oliver Kowalski on the phone at (489) 694-6672 to confirm the rebalance instruction.
ACCT-100009,CIF-FIX-IN-04,Chen Castellanos,chen.castellanos@example-mail.ca,(884) 872-3209,Montreal,QC,T. Ferraro,42322.9607,2017-10-23,Follow-up email sent to chen.castellanos@example-mail.ca summarising the fee discussion.
ACCT-100010,CIF-ALT-LS-06,Liam O'Brien,liam.obrien@example-mail.ca,(342) 942-9400,Halifax,NS,J. Lindqvist,26511.0671,2019-08-27,Periodic review complete. Holdings consistent with stated objectives.
ACCT-100011,CIF-GLB-EQ-02,Eleanor Tremblay,eleanor.tremblay@example-mail.ca,(469) 394-6431,Toronto,ON,S. Rahman,29144.1738,2022-06-11,Client declined leverage strategy. Documented in advisor file.
ACCT-100012,CIF-CAD-EQ-01,Sunil Singh,sunil.singh@example-mail.ca,(510) 550-1681,Vancouver,BC,T. Ferraro,5043.0637,2022-12-12,Periodic review complete. Holdings consistent with stated objectives.
ACCT-100013,CIF-USD-EQ-05,Katarzyna Singh,katarzyna.singh@example-mail.ca,(887) 313-1768,Winnipeg,MB,T. Ferraro,749.4983,2021-06-12,Risk tolerance reviewed at annual check-in. No change to mandate.
ACCT-100014,CIF-ALT-LS-06,Amrita O'Brien,amrita.obrien@example-mail.ca,(685) 370-3490,Mississauga,ON,J. Lindqvist,15226.5462,2024-02-09,Periodic review complete. Holdings consistent with stated objectives.
ACCT-100015,CIF-ALT-LS-06,Uma Bhattacharya,uma.bhattacharya@example-mail.ca,(903) 718-3252,Montreal,QC,T. Ferraro,36740.104,2023-11-30,"Beneficiary updated to Uma Bhattacharya, spouse, following marriage. Docs on file."
ACCT-100016,CIF-BAL-60-03,Dmitri MacLeod,dmitri.macleod@example-mail.ca,(790) 849-6195,Toronto,ON,J. Lindqvist,12335.6844,2023-08-02,Client asked that statements go to dmitri.macleod@example-mail.ca instead of the address on file.
ACCT-100017,CIF-GLB-EQ-02,Isabelle Singh,isabelle.singh@example-mail.ca,(705) 740-8461,Winnipeg,MB,T. Ferraro,17811.7909,2024-02-01,Client declined leverage strategy. Documented in advisor file.
ACCT-100018,CIF-CAD-EQ-01,Yasmin Haddad,yasmin.haddad@example-mail.ca,(319) 777-7305,Halifax,NS,R. Whitfield,12893.6793,2022-12-06,Client declined leverage strategy. Documented in advisor file.
ACCT-100019,CIF-FIX-IN-04,Nkechi Silva,nkechi.silva@example-mail.ca,(515) 540-8325,Winnipeg,MB,J. Lindqvist,39122.7062,2020-06-08,Client confirmed long-term horizon; rebalancing deferred to next quarter.
ACCT-100020,CIF-USD-EQ-05,Katarzyna Nakamura,katarzyna.nakamura@example-mail.ca,(653) 775-7708,Winnipeg,MB,A. Osei,24748.201,2019-03-07,KYC refresh completed. Suitability unchanged since prior review.
ACCT-100021,CIF-ALT-LS-06,Priya Vandenberg,priya.vandenberg@example-mail.ca,(876) 385-2974,Montreal,QC,J. Lindqvist,20126.604,2024-06-12,Investment objective remains growth with moderate volatility tolerance.
ACCT-100022,CIF-FIX-IN-04,Amrita Kowalski,amrita.kowalski@example-mail.ca,(440) 824-8696,Halifax,NS,M. Delacroix,32760.6016,2020-05-31,Periodic review complete. Holdings consistent with stated objectives.
ACCT-100023,CIF-BAL-60-03,Yasmin Mensah,yasmin.mensah@example-mail.ca,(587) 305-4911,Montreal,QC,J. Lindqvist,16954.8842,2024-04-19,Follow-up email sent to yasmin.mensah@example-mail.ca summarising the fee discussion.
ACCT-100024,CIF-CAD-EQ-01,Liam Silva,liam.silva@example-mail.ca,(391) 242-2047,Calgary,AB,M. Delacroix,13087.8463,2024-09-26,Investment objective remains growth with moderate volatility tolerance.
ACCT-100025,CIF-ALT-LS-06,Rosalie O'Brien,rosalie.obrien@example-mail.ca,(326) 754-2298,Mississauga,ON,R. Whitfield,32988.0868,2016-07-18,Account flagged for systematic withdrawal plan review in Q3.
ACCT-100026,CIF-BAL-60-03,Tobias Singh,tobias.singh@example-mail.ca,(362) 942-8076,Halifax,NS,R. Whitfield,46021.3493,2019-05-28,Joint account holder Tobias Singh co-signed; reached at (362) 942-8076 for confirmation.
ACCT-100027,CIF-GLB-EQ-02,Isabelle Choi,isabelle.choi@example-mail.ca,(597) 766-2657,Calgary,AB,S. Rahman,13756.4129,2023-12-06,Client asked that statements go to isabelle.choi@example-mail.ca instead of the address on file.
ACCT-100028,CIF-GLB-EQ-02,Chen Choi,chen.choi@example-mail.ca,(772) 345-2027,Ottawa,ON,J. Lindqvist,26024.5861,2018-03-21,Account flagged for systematic withdrawal plan review in Q3.
ACCT-100029,CIF-USD-EQ-05,Yasmin Larsen,yasmin.larsen@example-mail.ca,(658) 986-5405,Toronto,ON,J. Lindqvist,41539.3954,2020-02-06,Client declined leverage strategy. Documented in advisor file.
ACCT-100030,CIF-GLB-EQ-02,Jaswinder Dubois,jaswinder.dubois@example-mail.ca,(257) 366-1620,Vancouver,BC,A. Osei,33810.4311,2018-09-10,Periodic review complete. Holdings consistent with stated objectives.
ACCT-100031,CIF-CAD-EQ-01,Yasmin Choi,yasmin.choi@example-mail.ca,(337) 471-1575,Toronto,ON,R. Whitfield,6739.7762,2022-11-27,Client declined leverage strategy. Documented in advisor file.
ACCT-100032,CIF-CAD-EQ-01,Liam O'Brien,liam.obrien@example-mail.ca,(800) 224-8810,Halifax,NS,R. Whitfield,28351.9553,2024-07-19,Client declined leverage strategy. Documented in advisor file.
ACCT-100033,CIF-CAD-EQ-01,Nkechi Rossi,nkechi.rossi@example-mail.ca,(515) 244-3311,Mississauga,ON,R. Whitfield,44047.6297,2021-03-11,Nkechi Rossi requested a call back; best reached at (515) 244-3311 after 4pm ET.
ACCT-100034,CIF-GLB-EQ-02,Farah Tremblay,farah.tremblay@example-mail.ca,(839) 642-3023,Winnipeg,MB,R. Whitfield,13787.2706,2024-09-07,KYC refresh completed. Suitability unchanged since prior review.
ACCT-100035,CIF-CAD-EQ-01,Sunil Dubois,sunil.dubois@example-mail.ca,(224) 471-5953,Calgary,AB,S. Rahman,34972.0738,2018-03-28,Spoke with Sunil Dubois on the phone at (224) 471-5953 to confirm the rebalance instruction.
ACCT-100036,CIF-ALT-LS-06,Amrita Rossi,amrita.rossi@example-mail.ca,(306) 261-2351,Vancouver,BC,M. Delacroix,30101.6447,2017-06-27,Amrita Rossi requested a call back; best reached at (306) 261-2351 after 4pm ET.
ACCT-100037,CIF-FIX-IN-04,Sunil Castellanos,sunil.castellanos@example-mail.ca,(694) 800-8720,Winnipeg,MB,M. Delacroix,39155.6083,2017-10-09,Investment objective remains growth with moderate volatility tolerance.
ACCT-100038,CIF-ALT-LS-06,Dmitri Singh,dmitri.singh@example-mail.ca,(900) 686-5866,Mississauga,ON,J. Lindqvist,15829.8894,2016-02-24,Periodic review complete. Holdings consistent with stated objectives.
ACCT-100039,CIF-ALT-LS-06,Viktor Larsen,viktor.larsen@example-mail.ca,(298) 276-5164,Winnipeg,MB,S. Rahman,13366.5173,2019-06-10,KYC refresh completed. Suitability unchanged since prior review.
ACCT-100040,CIF-CAD-EQ-01,Eleanor Rossi,eleanor.rossi@example-mail.ca,(828) 553-7334,Halifax,NS,M. Delacroix,29521.1561,2020-07-25,Client declined leverage strategy. Documented in advisor file.
ACCT-100041,CIF-ALT-LS-06,Priya Novak,priya.novak@example-mail.ca,(498) 792-6659,Calgary,AB,S. Rahman,4934.3447,2023-10-26,Spousal contribution limits discussed; no action required this period.
ACCT-100042,CIF-FIX-IN-04,Gordon Larsen,gordon.larsen@example-mail.ca,(483) 309-2954,Mississauga,ON,M. Delacroix,9917.8176,2023-10-04,Periodic review complete. Holdings consistent with stated objectives.
ACCT-100043,CIF-USD-EQ-05,Hyun Castellanos,hyun.castellanos@example-mail.ca,(808) 338-2773,Ottawa,ON,M. Delacroix,1968.6147,2020-09-21,Joint account holder Hyun Castellanos co-signed; reached at (808) 338-2773 for confirmation.
ACCT-100044,CIF-GLB-EQ-02,Yasmin Petrov,yasmin.petrov@example-mail.ca,(792) 523-6429,Halifax,NS,R. Whitfield,36112.6176,2017-07-12,Joint account holder Yasmin Petrov co-signed; reached at (792) 523-6429 for confirmation.
ACCT-100045,CIF-BAL-60-03,Amrita Novak,amrita.novak@example-mail.ca,(800) 266-4054,Halifax,NS,A. Osei,47272.2055,2016-06-02,KYC refresh completed. Suitability unchanged since prior review.
ACCT-100046,CIF-USD-EQ-05,Benoit Silva,benoit.silva@example-mail.ca,(302) 811-2139,Toronto,ON,R. Whitfield,38364.6312,2019-09-19,Account flagged for systematic withdrawal plan review in Q3.
ACCT-100047,CIF-USD-EQ-05,Oliver Choi,oliver.choi@example-mail.ca,(344) 763-1700,Winnipeg,MB,M. Delacroix,32795.3711,2024-07-10,Spoke with Oliver Choi on the phone at (344) 763-1700 to confirm the rebalance instruction.
ACCT-100048,CIF-FIX-IN-04,Chen Petrov,chen.petrov@example-mail.ca,(311) 406-2035,Mississauga,ON,R. Whitfield,38844.2029,2019-08-25,Client declined leverage strategy. Documented in advisor file.
ACCT-100049,CIF-CAD-EQ-01,Tobias O'Brien,tobias.obrien@example-mail.ca,(362) 293-1166,Halifax,NS,A. Osei,46046.8462,2017-05-31,"Tobias O'Brien confirmed new mailing address at 4427 Bay St, apartment access via buzzer."
ACCT-100050,CIF-GLB-EQ-02,Isabelle Silva,isabelle.silva@example-mail.ca,(679) 458-3525,Montreal,QC,R. Whitfield,30612.4383,2023-06-28,Client confirmed long-term horizon; rebalancing deferred to next quarter.
ACCT-100051,CIF-ALT-LS-06,Nkechi Tremblay,nkechi.tremblay@example-mail.ca,(706) 291-9445,Vancouver,BC,T. Ferraro,10893.6395,2022-10-06,Risk tolerance reviewed at annual check-in. No change to mandate.
ACCT-100052,CIF-BAL-60-03,Rosalie Dubois,rosalie.dubois@example-mail.ca,(832) 852-7834,Vancouver,BC,T. Ferraro,6290.8285,2023-03-18,Rosalie Dubois requested a call back; best reached at (832) 852-7834 after 4pm ET.
ACCT-100053,CIF-GLB-EQ-02,Wenjun Larsen,wenjun.larsen@example-mail.ca,(501) 637-9256,Toronto,ON,A. Osei,33948.9624,2017-10-22,Spoke with Wenjun Larsen on the phone at (501) 637-9256 to confirm the rebalance instruction.
ACCT-100054,CIF-USD-EQ-05,Jaswinder Singh,jaswinder.singh@example-mail.ca,(270) 582-2234,Calgary,AB,R. Whitfield,44384.7202,2024-04-11,Client declined leverage strategy. Documented in advisor file.
ACCT-100055,CIF-GLB-EQ-02,Uma Ferreira,uma.ferreira@example-mail.ca,(860) 543-4983,Winnipeg,MB,A. Osei,13884.9413,2016-07-08,Spoke with Uma Ferreira on the phone at (860) 543-4983 to confirm the rebalance instruction.
ACCT-100056,CIF-FIX-IN-04,Uma Castellanos,uma.castellanos@example-mail.ca,(664) 491-1455,Winnipeg,MB,M. Delacroix,37757.1026,2023-12-22,Client confirmed long-term horizon; rebalancing deferred to next quarter.
ACCT-100057,CIF-CAD-EQ-01,Katarzyna Okonkwo,katarzyna.okonkwo@example-mail.ca,(372) 907-2308,Vancouver,BC,J. Lindqvist,1551.4089,2023-01-19,Client declined leverage strategy. Documented in advisor file.
ACCT-100058,CIF-CAD-EQ-01,Sunil Larsen,sunil.larsen@example-mail.ca,(222) 430-9372,Montreal,QC,S. Rahman,13175.2333,2021-12-13,Investment objective remains growth with moderate volatility tolerance.
ACCT-100059,CIF-BAL-60-03,Hyun Novak,hyun.novak@example-mail.ca,(652) 302-5901,Vancouver,BC,M. Delacroix,13573.116,2020-11-17,Risk tolerance reviewed at annual check-in. No change to mandate.
ACCT-100060,CIF-GLB-EQ-02,Nkechi Singh,nkechi.singh@example-mail.ca,(783) 340-7147,Halifax,NS,A. Osei,4361.1339,2018-01-03,"Nkechi Singh confirmed new mailing address at 4391 Yonge St, apartment access via buzzer."
ACCT-100061,CIF-GLB-EQ-02,Viktor Okonkwo,viktor.okonkwo@example-mail.ca,(455) 228-9482,Mississauga,ON,J. Lindqvist,42160.0482,2019-08-18,Spoke with Viktor Okonkwo on the phone at (455) 228-9482 to confirm the rebalance instruction.
ACCT-100062,CIF-ALT-LS-06,Farah Bhattacharya,farah.bhattacharya@example-mail.ca,(713) 611-5866,Calgary,AB,A. Osei,27007.9409,2021-06-27,KYC refresh completed. Suitability unchanged since prior review.
ACCT-100063,CIF-GLB-EQ-02,Jaswinder Novak,jaswinder.novak@example-mail.ca,(276) 375-5629,Winnipeg,MB,R. Whitfield,39927.3364,2023-11-21,"Jaswinder Novak confirmed new mailing address at 1668 Dundas St, apartment access via buzzer."
ACCT-100064,CIF-ALT-LS-06,Benoit Mensah,benoit.mensah@example-mail.ca,(353) 908-8942,Calgary,AB,S. Rahman,21341.2431,2022-09-10,Periodic review complete. Holdings consistent with stated objectives.
ACCT-100065,CIF-GLB-EQ-02,Hyun Okonkwo,hyun.okonkwo@example-mail.ca,(747) 935-6463,Montreal,QC,J. Lindqvist,38433.3723,2020-01-20,Spousal contribution limits discussed; no action required this period.
ACCT-100066,CIF-ALT-LS-06,Dmitri Mensah,dmitri.mensah@example-mail.ca,(246) 789-9228,Ottawa,ON,R. Whitfield,14942.0394,2020-08-18,KYC refresh completed. Suitability unchanged since prior review.
ACCT-100067,CIF-ALT-LS-06,Viktor Bhattacharya,viktor.bhattacharya@example-mail.ca,(385) 529-9953,Montreal,QC,M. Delacroix,28066.4551,2024-08-10,Client declined leverage strategy. Documented in advisor file.
ACCT-100068,CIF-CAD-EQ-01,Yasmin Haddad,yasmin.haddad@example-mail.ca,(372) 546-5275,Calgary,AB,R. Whitfield,14173.8647,2023-05-15,Client asked that statements go to yasmin.haddad@example-mail.ca instead of the address on file.
ACCT-100069,CIF-BAL-60-03,Isabelle Novak,isabelle.novak@example-mail.ca,(733) 704-3703,Vancouver,BC,J. Lindqvist,9030.2204,2021-05-23,Follow-up email sent to isabelle.novak@example-mail.ca summarising the fee discussion.
ACCT-100070,CIF-BAL-60-03,Dmitri Castellanos,dmitri.castellanos@example-mail.ca,(810) 330-3308,Toronto,ON,J. Lindqvist,9604.1283,2023-01-18,Client asked that statements go to dmitri.castellanos@example-mail.ca instead of the address on file.
ACCT-100071,CIF-CAD-EQ-01,Farah Okonkwo,farah.okonkwo@example-mail.ca,(479) 633-4878,Calgary,AB,T. Ferraro,42878.6152,2016-08-20,Client declined leverage strategy. Documented in advisor file.
ACCT-100072,CIF-CAD-EQ-01,Wenjun Tremblay,wenjun.tremblay@example-mail.ca,(341) 363-6792,Winnipeg,MB,A. Osei,37292.8156,2018-05-23,"Wenjun Tremblay confirmed new mailing address at 1927 Dundas St, apartment access via buzzer."
ACCT-100073,CIF-USD-EQ-05,Yasmin Petrov,yasmin.petrov@example-mail.ca,(815) 413-3071,Toronto,ON,A. Osei,21320.4092,2023-03-08,Joint account holder Yasmin Petrov co-signed; reached at (815) 413-3071 for confirmation.
ACCT-100074,CIF-USD-EQ-05,Priya Vandenberg,priya.vandenberg@example-mail.ca,(463) 325-2576,Calgary,AB,R. Whitfield,20552.6349,2021-11-30,KYC refresh completed. Suitability unchanged since prior review.
ACCT-100075,CIF-ALT-LS-06,Katarzyna Choi,katarzyna.choi@example-mail.ca,(507) 652-1068,Montreal,QC,J. Lindqvist,14026.3607,2024-07-03,Risk tolerance reviewed at annual check-in. No change to mandate.
ACCT-100076,CIF-USD-EQ-05,Jaswinder Haddad,jaswinder.haddad@example-mail.ca,(849) 299-5589,Ottawa,ON,M. Delacroix,47543.6233,2016-07-18,Periodic review complete. Holdings consistent with stated objectives.
ACCT-100077,CIF-BAL-60-03,Katarzyna Bhattacharya,katarzyna.bhattacharya@example-mail.ca,(588) 806-4835,Toronto,ON,M. Delacroix,22840.8047,2020-04-17,Account flagged for systematic withdrawal plan review in Q3.
ACCT-100078,CIF-BAL-60-03,Oliver MacLeod,oliver.macleod@example-mail.ca,(595) 662-2939,Winnipeg,MB,A. Osei,40169.5797,2016-10-12,Client asked that statements go to oliver.macleod@example-mail.ca instead of the address on file.
ACCT-100079,CIF-ALT-LS-06,Amrita Nakamura,amrita.nakamura@example-mail.ca,(585) 211-8528,Vancouver,BC,J. Lindqvist,47341.0301,2020-07-16,Spoke with Amrita Nakamura on the phone at (585) 211-8528 to confirm the rebalance instruction.
ACCT-100080,CIF-CAD-EQ-01,Eleanor Kowalski,eleanor.kowalski@example-mail.ca,(570) 943-2634,Montreal,QC,M. Delacroix,45380.5401,2016-03-09,Joint account holder Eleanor Kowalski co-signed; reached at (570) 943-2634 for confirmation.
ACCT-100081,CIF-CAD-EQ-01,Yasmin Silva,yasmin.silva@example-mail.ca,(846) 759-7196,Mississauga,ON,T. Ferraro,38548.0239,2020-06-02,Risk tolerance reviewed at annual check-in. No change to mandate.
ACCT-100082,CIF-ALT-LS-06,Liam Novak,liam.novak@example-mail.ca,(887) 248-7610,Winnipeg,MB,S. Rahman,33060.6849,2016-10-11,"Beneficiary updated to Liam Novak, spouse, following marriage. Docs on file."
ACCT-100083,CIF-ALT-LS-06,Farah Vandenberg,farah.vandenberg@example-mail.ca,(594) 404-7088,Calgary,AB,R. Whitfield,27309.7462,2022-12-29,Follow-up email sent to farah.vandenberg@example-mail.ca summarising the fee discussion.
ACCT-100084,CIF-USD-EQ-05,Mariana Rossi,mariana.rossi@example-mail.ca,(302) 779-7186,Winnipeg,MB,S. Rahman,10216.1935,2022-03-19,Follow-up email sent to mariana.rossi@example-mail.ca summarising the fee discussion.
ACCT-100085,CIF-GLB-EQ-02,Viktor Petrov,viktor.petrov@example-mail.ca,(658) 752-2282,Mississauga,ON,J. Lindqvist,32370.3957,2018-10-15,Spousal contribution limits discussed; no action required this period.
ACCT-100086,CIF-GLB-EQ-02,Gordon Silva,gordon.silva@example-mail.ca,(700) 338-9174,Vancouver,BC,J. Lindqvist,34343.3741,2022-06-07,Spousal contribution limits discussed; no action required this period.
ACCT-100087,CIF-BAL-60-03,Katarzyna Novak,katarzyna.novak@example-mail.ca,(701) 386-7495,Vancouver,BC,M. Delacroix,35052.7825,2021-03-24,Account flagged for systematic withdrawal plan review in Q3.
ACCT-100088,CIF-BAL-60-03,Quentin Choi,quentin.choi@example-mail.ca,(848) 922-9290,Calgary,AB,T. Ferraro,25562.5956,2016-06-16,Verified identity against SIN ending 611 before processing the transfer.
ACCT-100089,CIF-GLB-EQ-02,Dmitri Silva,dmitri.silva@example-mail.ca,(467) 667-6185,Mississauga,ON,T. Ferraro,3837.7972,2016-11-06,Client declined leverage strategy. Documented in advisor file.
ACCT-100090,CIF-FIX-IN-04,Mariana Choi,mariana.choi@example-mail.ca,(313) 783-4147,Toronto,ON,R. Whitfield,27484.1901,2021-12-03,Verified identity against SIN ending 811 before processing the transfer.
ACCT-100091,CIF-CAD-EQ-01,Priya MacLeod,priya.macleod@example-mail.ca,(287) 582-7374,Vancouver,BC,J. Lindqvist,20678.9946,2016-03-25,Spousal contribution limits discussed; no action required this period.
ACCT-100092,CIF-FIX-IN-04,Rosalie Rossi,rosalie.rossi@example-mail.ca,(741) 932-7374,Ottawa,ON,M. Delacroix,39531.6456,2020-02-21,Client asked that statements go to rosalie.rossi@example-mail.ca instead of the address on file.
ACCT-100093,CIF-BAL-60-03,Nkechi Vandenberg,nkechi.vandenberg@example-mail.ca,(608) 606-1898,Halifax,NS,R. Whitfield,14066.3764,2023-12-21,Nkechi Vandenberg requested a call back; best reached at (608) 606-1898 after 4pm ET.
ACCT-100094,CIF-CAD-EQ-01,Dmitri Singh,dmitri.singh@example-mail.ca,(831) 623-7362,Halifax,NS,A. Osei,30493.4881,2017-02-18,Periodic review complete. Holdings consistent with stated objectives.
ACCT-100095,CIF-USD-EQ-05,Uma Novak,uma.novak@example-mail.ca,(744) 382-9946,Montreal,QC,S. Rahman,38510.8427,2017-04-18,Follow-up email sent to uma.novak@example-mail.ca summarising the fee discussion.
ACCT-100096,CIF-GLB-EQ-02,Rosalie Nakamura,rosalie.nakamura@example-mail.ca,(883) 614-2939,Montreal,QC,S. Rahman,33552.9282,2022-04-11,Client confirmed long-term horizon; rebalancing deferred to next quarter.
ACCT-100097,CIF-BAL-60-03,Uma Bhattacharya,uma.bhattacharya@example-mail.ca,(347) 981-4289,Mississauga,ON,J. Lindqvist,46363.0287,2024-03-03,Verified identity against SIN ending 245 before processing the transfer.
ACCT-100098,CIF-GLB-EQ-02,Viktor Tremblay,viktor.tremblay@example-mail.ca,(809) 213-9106,Winnipeg,MB,R. Whitfield,17654.8244,2021-01-18,Spousal contribution limits discussed; no action required this period.
ACCT-100099,CIF-GLB-EQ-02,Sunil Choi,sunil.choi@example-mail.ca,(564) 204-4616,Montreal,QC,R. Whitfield,27538.4032,2022-10-22,Client asked that statements go to sunil.choi@example-mail.ca instead of the address on file.
ACCT-100100,CIF-FIX-IN-04,Eleanor Mensah,eleanor.mensah@example-mail.ca,(881) 472-7336,Montreal,QC,A. Osei,205.3611,2016-08-23,Investment objective remains growth with moderate volatility tolerance.
ACCT-100101,CIF-GLB-EQ-02,Benoit Mensah,benoit.mensah@example-mail.ca,(826) 427-7210,Montreal,QC,T. Ferraro,14385.6542,2021-08-14,"Beneficiary updated to Benoit Mensah, spouse, following marriage. Docs on file."
ACCT-100102,CIF-USD-EQ-05,Hyun Tremblay,hyun.tremblay@example-mail.ca,(349) 354-5560,Halifax,NS,A. Osei,7609.4824,2020-11-26,KYC refresh completed. Suitability unchanged since prior review.
ACCT-100103,CIF-BAL-60-03,Benoit Rossi,benoit.rossi@example-mail.ca,(610) 885-2142,Montreal,QC,J. Lindqvist,37459.7346,2018-09-19,KYC refresh completed. Suitability unchanged since prior review.
ACCT-100104,CIF-BAL-60-03,Amrita Petrov,amrita.petrov@example-mail.ca,(818) 971-8315,Halifax,NS,A. Osei,17227.2868,2017-07-03,Amrita Petrov requested a call back; best reached at (818) 971-8315 after 4pm ET.
ACCT-100105,CIF-USD-EQ-05,Mariana Vandenberg,mariana.vandenberg@example-mail.ca,(765) 264-6423,Calgary,AB,S. Rahman,11218.5238,2023-08-16,Verified identity against SIN ending 882 before processing the transfer.
ACCT-100106,CIF-ALT-LS-06,Liam Petrov,liam.petrov@example-mail.ca,(801) 389-7503,Ottawa,ON,M. Delacroix,42483.234,2021-09-14,Verified identity against SIN ending 632 before processing the transfer.
ACCT-100107,CIF-BAL-60-03,Jaswinder Choi,jaswinder.choi@example-mail.ca,(403) 992-1943,Vancouver,BC,S. Rahman,14067.0591,2021-05-21,Spoke with Jaswinder Choi on the phone at (403) 992-1943 to confirm the rebalance instruction.
ACCT-100108,CIF-ALT-LS-06,Benoit Rossi,benoit.rossi@example-mail.ca,(249) 795-9845,Toronto,ON,S. Rahman,21334.3957,2016-10-31,Client asked that statements go to benoit.rossi@example-mail.ca instead of the address on file.
ACCT-100109,CIF-FIX-IN-04,Jaswinder Tremblay,jaswinder.tremblay@example-mail.ca,(658) 269-7929,Winnipeg,MB,J. Lindqvist,12365.3446,2022-07-25,Risk tolerance reviewed at annual check-in. No change to mandate.
ACCT-100110,CIF-USD-EQ-05,Viktor Silva,viktor.silva@example-mail.ca,(835) 228-5915,Vancouver,BC,R. Whitfield,40018.8741,2019-06-05,Joint account holder Viktor Silva co-signed; reached at (835) 228-5915 for confirmation.
ACCT-100111,CIF-FIX-IN-04,Amrita Vandenberg,amrita.vandenberg@example-mail.ca,(673) 572-5407,Mississauga,ON,R. Whitfield,38950.5541,2023-12-01,Spousal contribution limits discussed; no action required this period.
ACCT-100112,CIF-CAD-EQ-01,Amrita Petrov,amrita.petrov@example-mail.ca,(677) 635-2379,Ottawa,ON,T. Ferraro,11733.6557,2023-12-03,Client confirmed long-term horizon; rebalancing deferred to next quarter.
ACCT-100113,CIF-CAD-EQ-01,Amrita Silva,amrita.silva@example-mail.ca,(571) 668-3380,Calgary,AB,R. Whitfield,13915.7808,2023-09-06,Client confirmed long-term horizon; rebalancing deferred to next quarter.
ACCT-100114,CIF-BAL-60-03,Amrita Silva,amrita.silva@example-mail.ca,(628) 676-6832,Montreal,QC,J. Lindqvist,25422.1745,2019-08-25,Investment objective remains growth with moderate volatility tolerance.
ACCT-100115,CIF-BAL-60-03,Viktor Ferreira,viktor.ferreira@example-mail.ca,(726) 201-9496,Mississauga,ON,M. Delacroix,516.4092,2016-05-27,Verified identity against SIN ending 496 before processing the transfer.
ACCT-100116,CIF-ALT-LS-06,Rosalie Tremblay,rosalie.tremblay@example-mail.ca,(229) 573-4045,Montreal,QC,S. Rahman,43529.6382,2022-11-10,Periodic review complete. Holdings consistent with stated objectives.
ACCT-100117,CIF-CAD-EQ-01,Tobias Tremblay,tobias.tremblay@example-mail.ca,(820) 695-5070,Halifax,NS,T. Ferraro,43535.5903,2017-04-19,Follow-up email sent to tobias.tremblay@example-mail.ca summarising the fee discussion.
ACCT-100118,CIF-BAL-60-03,Oliver Kowalski,oliver.kowalski@example-mail.ca,(761) 545-9891,Halifax,NS,A. Osei,37394.4731,2016-11-12,Client declined leverage strategy. Documented in advisor file.
ACCT-100119,CIF-ALT-LS-06,Dmitri Ferreira,dmitri.ferreira@example-mail.ca,(239) 754-4767,Calgary,AB,J. Lindqvist,21074.7629,2016-09-15,Account flagged for systematic withdrawal plan review in Q3.
ACCT-100120,CIF-FIX-IN-04,Katarzyna O'Brien,katarzyna.obrien@example-mail.ca,(453) 762-6773,Montreal,QC,J. Lindqvist,21757.918,2018-10-08,KYC refresh completed. Suitability unchanged since prior review.
ACCT-100121,CIF-ALT-LS-06,Chen Novak,chen.novak@example-mail.ca,(884) 382-6618,Montreal,QC,R. Whitfield,44701.7757,2022-02-15,Spoke with Chen Novak on the phone at (884) 382-6618 to confirm the rebalance instruction.
ACCT-100122,CIF-FIX-IN-04,Tobias Dubois,tobias.dubois@example-mail.ca,(681) 489-7433,Montreal,QC,M. Delacroix,36615.3577,2021-10-15,Account flagged for systematic withdrawal plan review in Q3.
ACCT-100123,CIF-GLB-EQ-02,Katarzyna Petrov,katarzyna.petrov@example-mail.ca,(536) 502-2007,Halifax,NS,T. Ferraro,41124.3778,2022-09-13,KYC refresh completed. Suitability unchanged since prior review.
ACCT-100124,CIF-USD-EQ-05,Oliver Tremblay,oliver.tremblay@example-mail.ca,(663) 321-3526,Calgary,AB,J. Lindqvist,33026.2833,2023-08-05,Follow-up email sent to oliver.tremblay@example-mail.ca summarising the fee discussion.
ACCT-100125,CIF-BAL-60-03,Isabelle O'Brien,isabelle.obrien@example-mail.ca,(615) 776-9338,Toronto,ON,A. Osei,33209.1949,2017-02-17,Isabelle O'Brien requested a call back; best reached at (615) 776-9338 after 4pm ET.
ACCT-100126,CIF-FIX-IN-04,Rosalie Okonkwo,rosalie.okonkwo@example-mail.ca,(659) 588-1599,Halifax,NS,R. Whitfield,1498.36,2024-04-23,Follow-up email sent to rosalie.okonkwo@example-mail.ca summarising the fee discussion.
ACCT-100127,CIF-CAD-EQ-01,Sunil Rossi,sunil.rossi@example-mail.ca,(316) 212-8447,Calgary,AB,J. Lindqvist,43060.2557,2022-11-14,Investment objective remains growth with moderate volatility tolerance.
ACCT-100128,CIF-ALT-LS-06,Yasmin Haddad,yasmin.haddad@example-mail.ca,(341) 557-7619,Vancouver,BC,R. Whitfield,31312.5051,2016-05-08,Spousal contribution limits discussed; no action required this period.
ACCT-100129,CIF-CAD-EQ-01,Yasmin Castellanos,yasmin.castellanos@example-mail.ca,(303) 496-8743,Mississauga,ON,A. Osei,8945.5489,2017-08-16,Spousal contribution limits discussed; no action required this period.
ACCT-100130,CIF-FIX-IN-04,Uma Okonkwo,uma.okonkwo@example-mail.ca,(301) 836-2199,Toronto,ON,A. Osei,38349.4052,2022-12-25,Client declined leverage strategy. Documented in advisor file.
ACCT-100131,CIF-GLB-EQ-02,Quentin Rossi,quentin.rossi@example-mail.ca,(621) 725-3462,Ottawa,ON,J. Lindqvist,27793.3836,2020-03-02,"Beneficiary updated to Quentin Rossi, spouse, following marriage. Docs on file."
ACCT-100132,CIF-CAD-EQ-01,Sunil Singh,sunil.singh@example-mail.ca,(207) 630-8599,Mississauga,ON,M. Delacroix,15370.9238,2022-12-30,"Sunil Singh confirmed new mailing address at 294 Yonge St, apartment access via buzzer."
ACCT-100133,CIF-FIX-IN-04,Hyun Petrov,hyun.petrov@example-mail.ca,(544) 562-7217,Vancouver,BC,S. Rahman,38845.3395,2017-12-14,Client declined leverage strategy. Documented in advisor file.
ACCT-100134,CIF-GLB-EQ-02,Benoit Nakamura,benoit.nakamura@example-mail.ca,(248) 402-3362,Ottawa,ON,M. Delacroix,10293.037,2018-07-09,Spousal contribution limits discussed; no action required this period.
ACCT-100135,CIF-ALT-LS-06,Hyun Kowalski,hyun.kowalski@example-mail.ca,(227) 900-1099,Winnipeg,MB,S. Rahman,31735.8711,2020-08-17,Client asked that statements go to hyun.kowalski@example-mail.ca instead of the address on file.
ACCT-100136,CIF-BAL-60-03,Uma Nakamura,uma.nakamura@example-mail.ca,(897) 699-6169,Vancouver,BC,A. Osei,24665.8251,2021-05-09,Verified identity against SIN ending 400 before processing the transfer.
ACCT-100137,CIF-GLB-EQ-02,Dmitri Larsen,dmitri.larsen@example-mail.ca,(336) 587-3361,Halifax,NS,M. Delacroix,44416.7008,2020-05-13,Client asked that statements go to dmitri.larsen@example-mail.ca instead of the address on file.
ACCT-100138,CIF-FIX-IN-04,Rosalie Kowalski,rosalie.kowalski@example-mail.ca,(644) 709-7152,Calgary,AB,T. Ferraro,37516.5209,2023-06-02,Periodic review complete. Holdings consistent with stated objectives.
ACCT-100139,CIF-CAD-EQ-01,Priya Novak,priya.novak@example-mail.ca,(791) 878-5699,Ottawa,ON,T. Ferraro,45985.0875,2018-03-24,Client asked that statements go to priya.novak@example-mail.ca instead of the address on file.
ACCT-100140,CIF-GLB-EQ-02,Viktor Petrov,viktor.petrov@example-mail.ca,(384) 737-5995,Calgary,AB,A. Osei,4803.9414,2022-01-29,Investment objective remains growth with moderate volatility tolerance.
ACCT-100141,CIF-FIX-IN-04,Eleanor Singh,eleanor.singh@example-mail.ca,(653) 716-8321,Calgary,AB,R. Whitfield,19179.8338,2021-07-09,Follow-up email sent to eleanor.singh@example-mail.ca summarising the fee discussion.
ACCT-100142,CIF-CAD-EQ-01,Oliver Haddad,oliver.haddad@example-mail.ca,(457) 951-1988,Montreal,QC,S. Rahman,47290.0306,2022-12-12,Risk tolerance reviewed at annual check-in. No change to mandate.
ACCT-100143,CIF-USD-EQ-05,Dmitri Dubois,dmitri.dubois@example-mail.ca,(394) 230-1908,Halifax,NS,R. Whitfield,11497.3808,2019-05-21,Investment objective remains growth with moderate volatility tolerance.
ACCT-100144,CIF-CAD-EQ-01,Viktor Dubois,viktor.dubois@example-mail.ca,(428) 350-2592,Mississauga,ON,A. Osei,33724.0464,2022-05-14,Joint account holder Viktor Dubois co-signed; reached at (428) 350-2592 for confirmation.
ACCT-100145,CIF-CAD-EQ-01,Isabelle Mensah,isabelle.mensah@example-mail.ca,(392) 688-8190,Winnipeg,MB,A. Osei,31079.3914,2019-10-10,KYC refresh completed. Suitability unchanged since prior review.
ACCT-100146,CIF-CAD-EQ-01,Viktor Singh,viktor.singh@example-mail.ca,(832) 323-1252,Calgary,AB,A. Osei,34657.6649,2017-01-23,Viktor Singh requested a call back; best reached at (832) 323-1252 after 4pm ET.
ACCT-100147,CIF-BAL-60-03,Eleanor Kowalski,eleanor.kowalski@example-mail.ca,(581) 716-5092,Winnipeg,MB,J. Lindqvist,33978.836,2017-04-29,KYC refresh completed. Suitability unchanged since prior review.
ACCT-100148,CIF-BAL-60-03,Amrita Silva,amrita.silva@example-mail.ca,(689) 394-9204,Halifax,NS,S. Rahman,11906.4608,2016-10-28,"Amrita Silva confirmed new mailing address at 3009 Bay St, apartment access via buzzer."
ACCT-100149,CIF-GLB-EQ-02,Gordon Vandenberg,gordon.vandenberg@example-mail.ca,(431) 577-5738,Ottawa,ON,M. Delacroix,11547.575,2019-10-14,Account flagged for systematic withdrawal plan review in Q3.
ACCT-100150,CIF-CAD-EQ-01,Oliver Nakamura,oliver.nakamura@example-mail.ca,(710) 486-5064,Mississauga,ON,A. Osei,30498.2349,2024-02-16,Spoke with Oliver Nakamura on the phone at (710) 486-5064 to confirm the rebalance instruction.
ACCT-100151,CIF-GLB-EQ-02,Wenjun Silva,wenjun.silva@example-mail.ca,(403) 478-6794,Montreal,QC,J. Lindqvist,39058.9438,2020-11-15,Client asked that statements go to wenjun.silva@example-mail.ca instead of the address on file.
ACCT-100152,CIF-USD-EQ-05,Oliver Castellanos,oliver.castellanos@example-mail.ca,(494) 610-8383,Mississauga,ON,M. Delacroix,2172.3765,2017-06-22,Risk tolerance reviewed at annual check-in. No change to mandate.
ACCT-100153,CIF-FIX-IN-04,Jaswinder Choi,jaswinder.choi@example-mail.ca,(483) 566-4867,Ottawa,ON,M. Delacroix,7185.4611,2019-09-04,Investment objective remains growth with moderate volatility tolerance.
ACCT-100154,CIF-ALT-LS-06,Katarzyna Petrov,katarzyna.petrov@example-mail.ca,(497) 646-5883,Montreal,QC,R. Whitfield,35380.9557,2020-11-27,Risk tolerance reviewed at annual check-in. No change to mandate.
ACCT-100155,CIF-ALT-LS-06,Uma Larsen,uma.larsen@example-mail.ca,(708) 412-2563,Toronto,ON,S. Rahman,17428.8946,2016-08-08,Verified identity against SIN ending 394 before processing the transfer.
ACCT-100156,CIF-BAL-60-03,Tobias Vandenberg,tobias.vandenberg@example-mail.ca,(554) 876-5087,Montreal,QC,M. Delacroix,28272.1457,2023-08-23,Risk tolerance reviewed at annual check-in. No change to mandate.
ACCT-100157,CIF-GLB-EQ-02,Katarzyna Haddad,katarzyna.haddad@example-mail.ca,(329) 991-5811,Toronto,ON,A. Osei,7731.4202,2019-05-05,"Beneficiary updated to Katarzyna Haddad, spouse, following marriage. Docs on file."
ACCT-100158,CIF-ALT-LS-06,Benoit Okonkwo,benoit.okonkwo@example-mail.ca,(411) 747-4289,Toronto,ON,T. Ferraro,15395.0281,2019-11-25,Investment objective remains growth with moderate volatility tolerance.
ACCT-100159,CIF-BAL-60-03,Chen Mensah,chen.mensah@example-mail.ca,(504) 564-3128,Ottawa,ON,A. Osei,10504.278,2024-08-07,Follow-up email sent to chen.mensah@example-mail.ca summarising the fee discussion.
ACCT-100160,CIF-USD-EQ-05,Liam Mensah,liam.mensah@example-mail.ca,(772) 744-9058,Vancouver,BC,A. Osei,17663.2207,2023-02-16,Verified identity against SIN ending 520 before processing the transfer.
ACCT-100161,CIF-BAL-60-03,Tobias Novak,tobias.novak@example-mail.ca,(793) 596-8771,Mississauga,ON,J. Lindqvist,31992.4694,2023-10-26,Verified identity against SIN ending 829 before processing the transfer.
ACCT-100162,CIF-CAD-EQ-01,Quentin Kowalski,quentin.kowalski@example-mail.ca,(777) 588-3013,Toronto,ON,T. Ferraro,26538.1278,2020-10-21,Client confirmed long-term horizon; rebalancing deferred to next quarter.
ACCT-100163,CIF-USD-EQ-05,Oliver MacLeod,oliver.macleod@example-mail.ca,(736) 558-4353,Winnipeg,MB,S. Rahman,42663.0181,2021-07-13,Spousal contribution limits discussed; no action required this period.
ACCT-100164,CIF-BAL-60-03,Sunil Castellanos,sunil.castellanos@example-mail.ca,(229) 827-4697,Halifax,NS,J. Lindqvist,17166.306,2021-08-07,Risk tolerance reviewed at annual check-in. No change to mandate.
ACCT-100165,CIF-USD-EQ-05,Isabelle Mensah,isabelle.mensah@example-mail.ca,(904) 295-5598,Ottawa,ON,M. Delacroix,8427.8421,2020-03-21,Investment objective remains growth with moderate volatility tolerance.
ACCT-100166,CIF-GLB-EQ-02,Mariana Singh,mariana.singh@example-mail.ca,(818) 758-4978,Ottawa,ON,M. Delacroix,43791.8097,2023-04-28,Risk tolerance reviewed at annual check-in. No change to mandate.
ACCT-100167,CIF-USD-EQ-05,Rosalie Silva,rosalie.silva@example-mail.ca,(644) 349-9683,Ottawa,ON,R. Whitfield,25657.3935,2016-02-26,Client asked that statements go to rosalie.silva@example-mail.ca instead of the address on file.
ACCT-100168,CIF-ALT-LS-06,Viktor Silva,viktor.silva@example-mail.ca,(845) 445-7237,Halifax,NS,A. Osei,5545.9997,2024-03-26,Risk tolerance reviewed at annual check-in. No change to mandate.
ACCT-100169,CIF-FIX-IN-04,Dmitri Haddad,dmitri.haddad@example-mail.ca,(406) 474-5574,Vancouver,BC,M. Delacroix,18728.6397,2023-04-05,Verified identity against SIN ending 345 before processing the transfer.
ACCT-100170,CIF-CAD-EQ-01,Katarzyna Bhattacharya,katarzyna.bhattacharya@example-mail.ca,(329) 576-9911,Halifax,NS,T. Ferraro,19322.8975,2020-01-27,"Beneficiary updated to Katarzyna Bhattacharya, spouse, following marriage. Docs on file."
ACCT-100171,CIF-FIX-IN-04,Nkechi O'Brien,nkechi.obrien@example-mail.ca,(890) 249-6660,Montreal,QC,R. Whitfield,21515.3374,2017-07-06,Risk tolerance reviewed at annual check-in. No change to mandate.
ACCT-100172,CIF-FIX-IN-04,Chen Larsen,chen.larsen@example-mail.ca,(520) 690-9429,Calgary,AB,S. Rahman,43257.8521,2020-02-15,Verified identity against SIN ending 858 before processing the transfer.
ACCT-100173,CIF-BAL-60-03,Jaswinder Singh,jaswinder.singh@example-mail.ca,(514) 342-5455,Calgary,AB,S. Rahman,10188.8468,2017-05-27,"Beneficiary updated to Jaswinder Singh, spouse, following marriage. Docs on file."
ACCT-100174,CIF-ALT-LS-06,Farah MacLeod,farah.macleod@example-mail.ca,(368) 588-5625,Mississauga,ON,A. Osei,29157.2243,2022-07-19,KYC refresh completed. Suitability unchanged since prior review.
ACCT-100175,CIF-ALT-LS-06,Katarzyna Singh,katarzyna.singh@example-mail.ca,(503) 732-9903,Winnipeg,MB,T. Ferraro,23364.1563,2016-09-24,Risk tolerance reviewed at annual check-in. No change to mandate.
ACCT-100176,CIF-FIX-IN-04,Liam Singh,liam.singh@example-mail.ca,(835) 405-2059,Winnipeg,MB,S. Rahman,9817.5524,2021-12-02,Spoke with Liam Singh on the phone at (835) 405-2059 to confirm the rebalance instruction.
ACCT-100177,CIF-GLB-EQ-02,Isabelle Haddad,isabelle.haddad@example-mail.ca,(556) 594-9917,Winnipeg,MB,S. Rahman,15121.3748,2024-04-03,Spoke with Isabelle Haddad on the phone at (556) 594-9917 to confirm the rebalance instruction.
ACCT-100178,CIF-BAL-60-03,Chen Singh,chen.singh@example-mail.ca,(376) 750-1563,Mississauga,ON,S. Rahman,46301.4719,2021-11-06,Joint account holder Chen Singh co-signed; reached at (376) 750-1563 for confirmation.
ACCT-100179,CIF-GLB-EQ-02,Nkechi Kowalski,nkechi.kowalski@example-mail.ca,(836) 679-6357,Halifax,NS,J. Lindqvist,12554.5432,2023-11-05,Periodic review complete. Holdings consistent with stated objectives.
ACCT-100180,CIF-FIX-IN-04,Nkechi Ferreira,nkechi.ferreira@example-mail.ca,(604) 847-1869,Winnipeg,MB,S. Rahman,9415.9933,2018-09-15,Periodic review complete. Holdings consistent with stated objectives.
ACCT-100181,CIF-GLB-EQ-02,Eleanor Mensah,eleanor.mensah@example-mail.ca,(498) 366-2219,Ottawa,ON,S. Rahman,28677.9365,2021-03-14,KYC refresh completed. Suitability unchanged since prior review.
ACCT-100182,CIF-USD-EQ-05,Mariana Castellanos,mariana.castellanos@example-mail.ca,(869) 588-8298,Calgary,AB,R. Whitfield,37930.0293,2018-11-06,Risk tolerance reviewed at annual check-in. No change to mandate.
ACCT-100183,CIF-USD-EQ-05,Uma Novak,uma.novak@example-mail.ca,(897) 467-2819,Vancouver,BC,M. Delacroix,26416.4415,2018-07-31,Client asked that statements go to uma.novak@example-mail.ca instead of the address on file.
ACCT-100184,CIF-BAL-60-03,Nkechi Okonkwo,nkechi.okonkwo@example-mail.ca,(572) 333-3596,Halifax,NS,J. Lindqvist,33437.5532,2017-04-05,Periodic review complete. Holdings consistent with stated objectives.
ACCT-100185,CIF-USD-EQ-05,Mariana Choi,mariana.choi@example-mail.ca,(882) 512-7526,Montreal,QC,A. Osei,43057.2986,2019-08-14,Periodic review complete. Holdings consistent with stated objectives.
ACCT-100186,CIF-ALT-LS-06,Wenjun Bhattacharya,wenjun.bhattacharya@example-mail.ca,(499) 742-4061,Toronto,ON,T. Ferraro,7463.0405,2022-02-09,Joint account holder Wenjun Bhattacharya co-signed; reached at (499) 742-4061 for confirmation.
ACCT-100187,CIF-GLB-EQ-02,Quentin Silva,quentin.silva@example-mail.ca,(301) 818-9012,Toronto,ON,J. Lindqvist,9127.2241,2023-10-22,KYC refresh completed. Suitability unchanged since prior review.
ACCT-100188,CIF-CAD-EQ-01,Isabelle MacLeod,isabelle.macleod@example-mail.ca,(568) 874-9325,Winnipeg,MB,R. Whitfield,415.7446,2018-08-12,Client declined leverage strategy. Documented in advisor file.
ACCT-100189,CIF-BAL-60-03,Gordon Mensah,gordon.mensah@example-mail.ca,(804) 869-6487,Toronto,ON,S. Rahman,31690.7247,2022-02-15,Spousal contribution limits discussed; no action required this period.
ACCT-100190,CIF-CAD-EQ-01,Eleanor MacLeod,eleanor.macleod@example-mail.ca,(431) 650-6732,Toronto,ON,T. Ferraro,13866.6626,2018-03-15,Follow-up email sent to eleanor.macleod@example-mail.ca summarising the fee discussion.
ACCT-100191,CIF-GLB-EQ-02,Dmitri Silva,dmitri.silva@example-mail.ca,(849) 510-8025,Vancouver,BC,M. Delacroix,36565.8681,2022-12-23,Client asked that statements go to dmitri.silva@example-mail.ca instead of the address on file.
ACCT-100192,CIF-FIX-IN-04,Eleanor Larsen,eleanor.larsen@example-mail.ca,(313) 548-3599,Vancouver,BC,M. Delacroix,12430.9896,2022-11-10,Joint account holder Eleanor Larsen co-signed; reached at (313) 548-3599 for confirmation.
ACCT-100193,CIF-USD-EQ-05,Uma Ferreira,uma.ferreira@example-mail.ca,(288) 374-3853,Calgary,AB,J. Lindqvist,20705.0647,2022-06-06,"Beneficiary updated to Uma Ferreira, spouse, following marriage. Docs on file."
ACCT-100194,CIF-CAD-EQ-01,Priya MacLeod,priya.macleod@example-mail.ca,(356) 245-1415,Montreal,QC,A. Osei,5171.4903,2018-03-07,Client declined leverage strategy. Documented in advisor file.
ACCT-100195,CIF-BAL-60-03,Quentin Silva,quentin.silva@example-mail.ca,(705) 449-2753,Toronto,ON,R. Whitfield,32516.4891,2022-10-23,Verified identity against SIN ending 483 before processing the transfer.
ACCT-100196,CIF-GLB-EQ-02,Farah Mensah,farah.mensah@example-mail.ca,(776) 691-8664,Montreal,QC,R. Whitfield,34128.7961,2016-11-29,"Beneficiary updated to Farah Mensah, spouse, following marriage. Docs on file."
ACCT-100197,CIF-FIX-IN-04,Chen Larsen,chen.larsen@example-mail.ca,(452) 795-9750,Halifax,NS,A. Osei,32684.8605,2023-07-18,"Chen Larsen confirmed new mailing address at 3569 King St, apartment access via buzzer."
ACCT-100198,CIF-GLB-EQ-02,Gordon Novak,gordon.novak@example-mail.ca,(325) 522-9583,Winnipeg,MB,T. Ferraro,9875.9698,2017-10-09,"Beneficiary updated to Gordon Novak, spouse, following marriage. Docs on file."
ACCT-100199,CIF-ALT-LS-06,Quentin Ferreira,quentin.ferreira@example-mail.ca,(483) 624-2089,Toronto,ON,M. Delacroix,17577.668,2024-07-19,KYC refresh completed. Suitability unchanged since prior review.
ACCT-100200,CIF-BAL-60-03,Eleanor Bhattacharya,eleanor.bhattacharya@example-mail.ca,(748) 936-4842,Halifax,NS,A. Osei,13073.7413,2024-09-26,Periodic review complete. Holdings consistent with stated objectives.
ACCT-100201,CIF-GLB-EQ-02,Liam Rossi,liam.rossi@example-mail.ca,(439) 799-8888,Ottawa,ON,T. Ferraro,43142.3549,2016-08-06,"Beneficiary updated to Liam Rossi, spouse, following marriage. Docs on file."
ACCT-100202,CIF-BAL-60-03,Liam Vandenberg,liam.vandenberg@example-mail.ca,(772) 445-5170,Toronto,ON,S. Rahman,5242.7593,2016-03-03,Periodic review complete. Holdings consistent with stated objectives.
ACCT-100203,CIF-CAD-EQ-01,Katarzyna Silva,katarzyna.silva@example-mail.ca,(228) 888-3595,Halifax,NS,R. Whitfield,3102.8913,2020-10-14,Risk tolerance reviewed at annual check-in. No change to mandate.
ACCT-100204,CIF-ALT-LS-06,Uma Vandenberg,uma.vandenberg@example-mail.ca,(518) 373-7591,Halifax,NS,J. Lindqvist,21923.7404,2021-03-26,Spousal contribution limits discussed; no action required this period.
ACCT-100205,CIF-FIX-IN-04,Hyun Vandenberg,hyun.vandenberg@example-mail.ca,(425) 395-1102,Mississauga,ON,M. Delacroix,32642.0212,2016-05-05,"Beneficiary updated to Hyun Vandenberg, spouse, following marriage. Docs on file."
ACCT-100206,CIF-BAL-60-03,Amrita Mensah,amrita.mensah@example-mail.ca,(319) 895-8636,Toronto,ON,T. Ferraro,21395.6914,2023-06-14,Spousal contribution limits discussed; no action required this period.
ACCT-100207,CIF-ALT-LS-06,Isabelle Novak,isabelle.novak@example-mail.ca,(677) 785-1742,Halifax,NS,J. Lindqvist,12570.8893,2018-06-16,Verified identity against SIN ending 565 before processing the transfer.
ACCT-100208,CIF-USD-EQ-05,Mariana Vandenberg,mariana.vandenberg@example-mail.ca,(447) 912-9156,Winnipeg,MB,A. Osei,23966.3683,2018-10-12,Verified identity against SIN ending 202 before processing the transfer.
ACCT-100209,CIF-USD-EQ-05,Tobias Rossi,tobias.rossi@example-mail.ca,(888) 423-9968,Winnipeg,MB,T. Ferraro,25969.0557,2020-04-12,"Beneficiary updated to Tobias Rossi, spouse, following marriage. Docs on file."
ACCT-100210,CIF-FIX-IN-04,Dmitri Ferreira,dmitri.ferreira@example-mail.ca,(534) 728-5368,Winnipeg,MB,S. Rahman,25115.4083,2019-08-25,Spousal contribution limits discussed; no action required this period.
ACCT-100211,CIF-USD-EQ-05,Jaswinder Kowalski,jaswinder.kowalski@example-mail.ca,(206) 445-9504,Winnipeg,MB,M. Delacroix,3444.1861,2021-01-26,Client declined leverage strategy. Documented in advisor file.
ACCT-100212,CIF-BAL-60-03,Katarzyna Mensah,katarzyna.mensah@example-mail.ca,(299) 740-3257,Winnipeg,MB,M. Delacroix,25123.1277,2019-02-17,Joint account holder Katarzyna Mensah co-signed; reached at (299) 740-3257 for confirmation.
ACCT-100213,CIF-GLB-EQ-02,Rosalie Larsen,rosalie.larsen@example-mail.ca,(629) 771-7919,Vancouver,BC,S. Rahman,12290.6729,2024-07-18,Periodic review complete. Holdings consistent with stated objectives.
ACCT-100214,CIF-USD-EQ-05,Wenjun Petrov,wenjun.petrov@example-mail.ca,(878) 793-8077,Toronto,ON,A. Osei,35009.1028,2016-04-11,Account flagged for systematic withdrawal plan review in Q3.
ACCT-100215,CIF-BAL-60-03,Chen Kowalski,chen.kowalski@example-mail.ca,(300) 255-3736,Halifax,NS,T. Ferraro,18808.281,2020-12-06,Periodic review complete. Holdings consistent with stated objectives.
ACCT-100216,CIF-CAD-EQ-01,Amrita Larsen,amrita.larsen@example-mail.ca,(544) 750-1199,Vancouver,BC,J. Lindqvist,47960.3245,2020-01-24,Account flagged for systematic withdrawal plan review in Q3.
ACCT-100217,CIF-CAD-EQ-01,Yasmin Tremblay,yasmin.tremblay@example-mail.ca,(432) 316-3789,Ottawa,ON,A. Osei,1059.9269,2018-09-25,Account flagged for systematic withdrawal plan review in Q3.
ACCT-100218,CIF-CAD-EQ-01,Amrita Silva,amrita.silva@example-mail.ca,(270) 664-4497,Calgary,AB,T. Ferraro,42304.622,2017-06-27,Spousal contribution limits discussed; no action required this period.
ACCT-100219,CIF-GLB-EQ-02,Chen Choi,chen.choi@example-mail.ca,(527) 470-2652,Toronto,ON,M. Delacroix,16604.1803,2024-08-12,Client confirmed long-term horizon; rebalancing deferred to next quarter.
ACCT-100220,CIF-BAL-60-03,Yasmin Vandenberg,yasmin.vandenberg@example-mail.ca,(287) 790-1741,Vancouver,BC,M. Delacroix,38515.5287,2016-11-19,Investment objective remains growth with moderate volatility tolerance.
ACCT-100221,CIF-ALT-LS-06,Yasmin Tremblay,yasmin.tremblay@example-mail.ca,(627) 607-8592,Mississauga,ON,M. Delacroix,13888.8283,2018-02-22,Periodic review complete. Holdings consistent with stated objectives.
ACCT-100222,CIF-USD-EQ-05,Viktor Choi,viktor.choi@example-mail.ca,(578) 366-8753,Ottawa,ON,T. Ferraro,2377.085,2020-04-05,Follow-up email sent to viktor.choi@example-mail.ca summarising the fee discussion.
ACCT-100223,CIF-CAD-EQ-01,Yasmin Rossi,yasmin.rossi@example-mail.ca,(270) 958-7110,Calgary,AB,M. Delacroix,23128.4288,2018-11-06,Verified identity against SIN ending 360 before processing the transfer.
ACCT-100224,CIF-CAD-EQ-01,Priya Castellanos,priya.castellanos@example-mail.ca,(876) 766-9377,Vancouver,BC,J. Lindqvist,5329.1808,2017-05-13,Joint account holder Priya Castellanos co-signed; reached at (876) 766-9377 for confirmation.
ACCT-100225,CIF-ALT-LS-06,Eleanor Tremblay,eleanor.tremblay@example-mail.ca,(328) 261-3752,Halifax,NS,M. Delacroix,4257.1952,2022-02-13,Investment objective remains growth with moderate volatility tolerance.
ACCT-100226,CIF-GLB-EQ-02,Tobias Kowalski,tobias.kowalski@example-mail.ca,(711) 505-6090,Mississauga,ON,R. Whitfield,47063.3952,2016-05-17,Spousal contribution limits discussed; no action required this period.
ACCT-100227,CIF-USD-EQ-05,Benoit Haddad,benoit.haddad@example-mail.ca,(537) 475-1789,Mississauga,ON,S. Rahman,7286.4171,2022-08-08,KYC refresh completed. Suitability unchanged since prior review.
ACCT-100228,CIF-BAL-60-03,Hyun Singh,hyun.singh@example-mail.ca,(862) 978-6161,Toronto,ON,R. Whitfield,39606.1941,2020-03-09,"Hyun Singh confirmed new mailing address at 261 Queen St, apartment access via buzzer."
ACCT-100229,CIF-GLB-EQ-02,Tobias Larsen,tobias.larsen@example-mail.ca,(259) 375-2732,Ottawa,ON,A. Osei,8252.4643,2018-08-06,Investment objective remains growth with moderate volatility tolerance.
ACCT-100230,CIF-ALT-LS-06,Jaswinder Castellanos,jaswinder.castellanos@example-mail.ca,(507) 640-8567,Ottawa,ON,M. Delacroix,16569.8302,2018-12-29,KYC refresh completed. Suitability unchanged since prior review.
ACCT-100231,CIF-USD-EQ-05,Hyun Bhattacharya,hyun.bhattacharya@example-mail.ca,(454) 917-7474,Ottawa,ON,T. Ferraro,5141.7724,2022-08-22,Verified identity against SIN ending 280 before processing the transfer.
ACCT-100232,CIF-BAL-60-03,Eleanor Rossi,eleanor.rossi@example-mail.ca,(675) 317-1169,Mississauga,ON,A. Osei,33983.6451,2017-10-09,Investment objective remains growth with moderate volatility tolerance.
ACCT-100233,CIF-USD-EQ-05,Quentin Choi,quentin.choi@example-mail.ca,(807) 239-2812,Toronto,ON,A. Osei,9822.8448,2019-03-03,Follow-up email sent to quentin.choi@example-mail.ca summarising the fee discussion.
ACCT-100234,CIF-BAL-60-03,Chen Bhattacharya,chen.bhattacharya@example-mail.ca,(209) 927-7551,Mississauga,ON,T. Ferraro,16233.8128,2021-01-13,Periodic review complete. Holdings consistent with stated objectives.
ACCT-100235,CIF-USD-EQ-05,Wenjun Nakamura,wenjun.nakamura@example-mail.ca,(435) 301-8146,Vancouver,BC,A. Osei,20165.7956,2018-04-30,Spousal contribution limits discussed; no action required this period.
ACCT-100236,CIF-USD-EQ-05,Sunil Larsen,sunil.larsen@example-mail.ca,(651) 533-7755,Calgary,AB,T. Ferraro,5261.7471,2018-02-03,Client asked that statements go to sunil.larsen@example-mail.ca instead of the address on file.
ACCT-100237,CIF-FIX-IN-04,Isabelle Silva,isabelle.silva@example-mail.ca,(826) 836-6660,Winnipeg,MB,R. Whitfield,47362.6592,2024-08-06,Joint account holder Isabelle Silva co-signed; reached at (826) 836-6660 for confirmation.
ACCT-100238,CIF-ALT-LS-06,Rosalie Nakamura,rosalie.nakamura@example-mail.ca,(558) 458-7884,Calgary,AB,M. Delacroix,29338.9384,2017-05-01,"Rosalie Nakamura confirmed new mailing address at 4786 Bay St, apartment access via buzzer."
ACCT-100239,CIF-CAD-EQ-01,Isabelle Kowalski,isabelle.kowalski@example-mail.ca,(453) 237-4636,Vancouver,BC,S. Rahman,32524.474,2024-06-12,Spoke with Isabelle Kowalski on the phone at (453) 237-4636 to confirm the rebalance instruction.
ACCT-100240,CIF-BAL-60-03,Sunil Vandenberg,sunil.vandenberg@example-mail.ca,(700) 899-1150,Halifax,NS,T. Ferraro,36205.8706,2016-10-25,Account flagged for systematic withdrawal plan review in Q3.
ACCT-100241,CIF-BAL-60-03,Sunil Dubois,sunil.dubois@example-mail.ca,(789) 417-3399,Calgary,AB,A. Osei,23175.5929,2016-09-13,Verified identity against SIN ending 701 before processing the transfer.
ACCT-100242,CIF-USD-EQ-05,Tobias Petrov,tobias.petrov@example-mail.ca,(268) 613-9125,Halifax,NS,M. Delacroix,39377.8184,2024-04-29,"Tobias Petrov confirmed new mailing address at 4312 Queen St, apartment access via buzzer."
ACCT-100243,CIF-FIX-IN-04,Katarzyna Kowalski,katarzyna.kowalski@example-mail.ca,(654) 876-9477,Winnipeg,MB,A. Osei,41505.5289,2022-10-13,Account flagged for systematic withdrawal plan review in Q3.
ACCT-100244,CIF-BAL-60-03,Tobias Tremblay,tobias.tremblay@example-mail.ca,(505) 342-4726,Winnipeg,MB,M. Delacroix,31616.0152,2022-06-07,"Beneficiary updated to Tobias Tremblay, spouse, following marriage. Docs on file."
ACCT-100245,CIF-USD-EQ-05,Viktor Singh,viktor.singh@example-mail.ca,(701) 249-7883,Vancouver,BC,R. Whitfield,11622.0333,2016-02-04,Spousal contribution limits discussed; no action required this period.
ACCT-100246,CIF-ALT-LS-06,Chen O'Brien,chen.obrien@example-mail.ca,(797) 203-8967,Ottawa,ON,S. Rahman,13261.5176,2023-09-18,Client asked that statements go to chen.obrien@example-mail.ca instead of the address on file.
ACCT-100247,CIF-ALT-LS-06,Farah Haddad,farah.haddad@example-mail.ca,(863) 305-5488,Halifax,NS,J. Lindqvist,14107.7306,2018-02-10,Account flagged for systematic withdrawal plan review in Q3.
ACCT-100248,CIF-FIX-IN-04,Wenjun Novak,wenjun.novak@example-mail.ca,(532) 384-7346,Calgary,AB,S. Rahman,44642.7698,2018-11-05,Client asked that statements go to wenjun.novak@example-mail.ca instead of the address on file.
ACCT-100249,CIF-CAD-EQ-01,Oliver Ferreira,oliver.ferreira@example-mail.ca,(647) 809-8286,Montreal,QC,T. Ferraro,25727.739,2020-12-21,Client declined leverage strategy. Documented in advisor file.
ACCT-100250,CIF-BAL-60-03,Priya Vandenberg,priya.vandenberg@example-mail.ca,(743) 362-9938,Montreal,QC,M. Delacroix,44053.4854,2018-08-06,Client confirmed long-term horizon; rebalancing deferred to next quarter.
ACCT-100251,CIF-USD-EQ-05,Yasmin O'Brien,yasmin.obrien@example-mail.ca,(717) 257-8140,Winnipeg,MB,M. Delacroix,38258.812,2023-05-19,Client asked that statements go to yasmin.obrien@example-mail.ca instead of the address on file.
ACCT-100252,CIF-BAL-60-03,Priya Petrov,priya.petrov@example-mail.ca,(254) 907-4740,Toronto,ON,S. Rahman,36124.2398,2019-10-16,Periodic review complete. Holdings consistent with stated objectives.
ACCT-100253,CIF-ALT-LS-06,Hyun Kowalski,hyun.kowalski@example-mail.ca,(758) 338-4482,Mississauga,ON,S. Rahman,44996.987,2019-01-18,Spoke with Hyun Kowalski on the phone at (758) 338-4482 to confirm the rebalance instruction.
ACCT-100254,CIF-ALT-LS-06,Dmitri Castellanos,dmitri.castellanos@example-mail.ca,(573) 215-7134,Vancouver,BC,R. Whitfield,27512.0625,2022-07-01,Verified identity against SIN ending 111 before processing the transfer.
ACCT-100255,CIF-GLB-EQ-02,Katarzyna Ferreira,katarzyna.ferreira@example-mail.ca,(277) 254-4658,Halifax,NS,R. Whitfield,42007.7046,2017-08-23,Risk tolerance reviewed at annual check-in. No change to mandate.
ACCT-100256,CIF-GLB-EQ-02,Priya Nakamura,priya.nakamura@example-mail.ca,(878) 539-9284,Vancouver,BC,J. Lindqvist,40760.1082,2019-09-04,Spousal contribution limits discussed; no action required this period.
ACCT-100257,CIF-CAD-EQ-01,Isabelle Petrov,isabelle.petrov@example-mail.ca,(486) 471-3110,Calgary,AB,R. Whitfield,23903.7684,2020-08-30,Account flagged for systematic withdrawal plan review in Q3.
ACCT-100258,CIF-ALT-LS-06,Viktor Nakamura,viktor.nakamura@example-mail.ca,(311) 853-8824,Toronto,ON,S. Rahman,15686.6107,2017-07-12,Client asked that statements go to viktor.nakamura@example-mail.ca instead of the address on file.
ACCT-100259,CIF-ALT-LS-06,Oliver Silva,oliver.silva@example-mail.ca,(834) 998-9282,Halifax,NS,R. Whitfield,42627.4068,2023-09-14,Spoke with Oliver Silva on the phone at (834) 998-9282 to confirm the rebalance instruction.
ACCT-100260,CIF-GLB-EQ-02,Chen Ferreira,chen.ferreira@example-mail.ca,(866) 416-7191,Montreal,QC,J. Lindqvist,246.9017,2019-07-12,Verified identity against SIN ending 640 before processing the transfer.
ACCT-100261,CIF-FIX-IN-04,Rosalie Mensah,rosalie.mensah@example-mail.ca,(781) 268-9912,Calgary,AB,R. Whitfield,41657.6604,2017-12-15,Rosalie Mensah requested a call back; best reached at (781) 268-9912 after 4pm ET.
ACCT-100262,CIF-CAD-EQ-01,Mariana Singh,mariana.singh@example-mail.ca,(367) 869-8045,Halifax,NS,S. Rahman,3560.1798,2023-11-19,Verified identity against SIN ending 314 before processing the transfer.
ACCT-100263,CIF-USD-EQ-05,Liam Castellanos,liam.castellanos@example-mail.ca,(727) 381-1539,Ottawa,ON,T. Ferraro,45209.6807,2017-05-30,Risk tolerance reviewed at annual check-in. No change to mandate.
ACCT-100264,CIF-CAD-EQ-01,Priya Kowalski,priya.kowalski@example-mail.ca,(613) 801-8116,Montreal,QC,T. Ferraro,4319.1727,2023-07-16,Follow-up email sent to priya.kowalski@example-mail.ca summarising the fee discussion.
ACCT-100265,CIF-USD-EQ-05,Katarzyna Petrov,katarzyna.petrov@example-mail.ca,(459) 333-2479,Mississauga,ON,T. Ferraro,29034.4024,2017-01-04,Follow-up email sent to katarzyna.petrov@example-mail.ca summarising the fee discussion.
ACCT-100266,CIF-ALT-LS-06,Uma Vandenberg,uma.vandenberg@example-mail.ca,(865) 225-2942,Ottawa,ON,A. Osei,29186.4398,2024-04-28,Investment objective remains growth with moderate volatility tolerance.
ACCT-100267,CIF-FIX-IN-04,Farah Tremblay,farah.tremblay@example-mail.ca,(452) 242-5262,Toronto,ON,S. Rahman,42876.4414,2022-02-09,Account flagged for systematic withdrawal plan review in Q3.
ACCT-100268,CIF-FIX-IN-04,Hyun Petrov,hyun.petrov@example-mail.ca,(900) 423-5999,Vancouver,BC,R. Whitfield,17781.1082,2020-11-08,Spoke with Hyun Petrov on the phone at (900) 423-5999 to confirm the rebalance instruction.
ACCT-100269,CIF-CAD-EQ-01,Wenjun Rossi,wenjun.rossi@example-mail.ca,(227) 734-5710,Halifax,NS,T. Ferraro,15179.6726,2017-08-07,Client confirmed long-term horizon; rebalancing deferred to next quarter.
ACCT-100270,CIF-FIX-IN-04,Liam Rossi,liam.rossi@example-mail.ca,(816) 704-2165,Winnipeg,MB,A. Osei,43191.8886,2018-03-24,Liam Rossi requested a call back; best reached at (816) 704-2165 after 4pm ET.
ACCT-100271,CIF-FIX-IN-04,Farah Choi,farah.choi@example-mail.ca,(374) 664-9783,Winnipeg,MB,M. Delacroix,47398.0897,2020-11-15,Risk tolerance reviewed at annual check-in. No change to mandate.
ACCT-100272,CIF-FIX-IN-04,Wenjun Kowalski,wenjun.kowalski@example-mail.ca,(249) 959-8972,Winnipeg,MB,T. Ferraro,903.1163,2023-10-10,Joint account holder Wenjun Kowalski co-signed; reached at (249) 959-8972 for confirmation.
ACCT-100273,CIF-FIX-IN-04,Eleanor Nakamura,eleanor.nakamura@example-mail.ca,(318) 526-6063,Toronto,ON,T. Ferraro,9812.4452,2022-02-18,Account flagged for systematic withdrawal plan review in Q3.
ACCT-100274,CIF-CAD-EQ-01,Farah Nakamura,farah.nakamura@example-mail.ca,(386) 983-9032,Halifax,NS,T. Ferraro,1108.7214,2024-02-15,Client confirmed long-term horizon; rebalancing deferred to next quarter.
ACCT-100275,CIF-CAD-EQ-01,Priya Ferreira,priya.ferreira@example-mail.ca,(647) 537-6654,Ottawa,ON,J. Lindqvist,1837.8371,2017-05-03,Spousal contribution limits discussed; no action required this period.
ACCT-100276,CIF-ALT-LS-06,Hyun Nakamura,hyun.nakamura@example-mail.ca,(616) 649-1944,Toronto,ON,R. Whitfield,1837.1055,2018-01-12,Risk tolerance reviewed at annual check-in. No change to mandate.
ACCT-100277,CIF-USD-EQ-05,Katarzyna Haddad,katarzyna.haddad@example-mail.ca,(380) 215-5545,Calgary,AB,S. Rahman,31940.8314,2019-06-08,Client asked that statements go to katarzyna.haddad@example-mail.ca instead of the address on file.
ACCT-100278,CIF-USD-EQ-05,Tobias Novak,tobias.novak@example-mail.ca,(800) 462-4002,Toronto,ON,J. Lindqvist,782.1373,2021-12-09,Spousal contribution limits discussed; no action required this period.
ACCT-100279,CIF-ALT-LS-06,Hyun Haddad,hyun.haddad@example-mail.ca,(308) 722-1568,Mississauga,ON,A. Osei,45858.1754,2019-08-11,"Beneficiary updated to Hyun Haddad, spouse, following marriage. Docs on file."
ACCT-100280,CIF-ALT-LS-06,Eleanor O'Brien,eleanor.obrien@example-mail.ca,(572) 274-1024,Mississauga,ON,A. Osei,12696.3534,2017-08-21,Client declined leverage strategy. Documented in advisor file.
ACCT-100281,CIF-BAL-60-03,Quentin Mensah,quentin.mensah@example-mail.ca,(880) 939-7232,Toronto,ON,T. Ferraro,1061.9538,2022-05-09,Risk tolerance reviewed at annual check-in. No change to mandate.
ACCT-100282,CIF-BAL-60-03,Hyun Petrov,hyun.petrov@example-mail.ca,(460) 556-2422,Mississauga,ON,J. Lindqvist,13819.5758,2023-07-27,"Beneficiary updated to Hyun Petrov, spouse, following marriage. Docs on file."
ACCT-100283,CIF-CAD-EQ-01,Nkechi Nakamura,nkechi.nakamura@example-mail.ca,(350) 498-4613,Montreal,QC,R. Whitfield,4738.6549,2022-08-22,Periodic review complete. Holdings consistent with stated objectives.
ACCT-100284,CIF-CAD-EQ-01,Priya O'Brien,priya.obrien@example-mail.ca,(559) 775-7340,Montreal,QC,M. Delacroix,27023.7903,2022-07-23,Client confirmed long-term horizon; rebalancing deferred to next quarter.
ACCT-100285,CIF-BAL-60-03,Isabelle Dubois,isabelle.dubois@example-mail.ca,(336) 372-4150,Winnipeg,MB,T. Ferraro,7390.3717,2020-11-20,Isabelle Dubois requested a call back; best reached at (336) 372-4150 after 4pm ET.
ACCT-100286,CIF-CAD-EQ-01,Quentin Rossi,quentin.rossi@example-mail.ca,(844) 213-6105,Halifax,NS,A. Osei,7315.9503,2020-10-18,Investment objective remains growth with moderate volatility tolerance.
ACCT-100287,CIF-FIX-IN-04,Amrita Silva,amrita.silva@example-mail.ca,(531) 418-1746,Ottawa,ON,T. Ferraro,33277.2948,2024-07-27,Follow-up email sent to amrita.silva@example-mail.ca summarising the fee discussion.
ACCT-100288,CIF-ALT-LS-06,Nkechi Singh,nkechi.singh@example-mail.ca,(857) 232-1217,Vancouver,BC,S. Rahman,15331.6761,2022-09-25,Verified identity against SIN ending 796 before processing the transfer.
ACCT-100289,CIF-CAD-EQ-01,Dmitri Tremblay,dmitri.tremblay@example-mail.ca,(661) 613-6671,Winnipeg,MB,S. Rahman,8815.8436,2017-06-12,Verified identity against SIN ending 403 before processing the transfer.
ACCT-100290,CIF-BAL-60-03,Amrita O'Brien,amrita.obrien@example-mail.ca,(610) 718-1439,Halifax,NS,J. Lindqvist,41711.8218,2020-03-23,Verified identity against SIN ending 827 before processing the transfer.
ACCT-100291,CIF-GLB-EQ-02,Amrita Nakamura,amrita.nakamura@example-mail.ca,(349) 640-4886,Toronto,ON,T. Ferraro,19213.4567,2022-08-01,Risk tolerance reviewed at annual check-in. No change to mandate.
ACCT-100292,CIF-ALT-LS-06,Yasmin MacLeod,yasmin.macleod@example-mail.ca,(288) 225-8130,Toronto,ON,T. Ferraro,25569.0497,2016-05-21,Spoke with Yasmin MacLeod on the phone at (288) 225-8130 to confirm the rebalance instruction.
ACCT-100293,CIF-ALT-LS-06,Jaswinder Tremblay,jaswinder.tremblay@example-mail.ca,(889) 990-9339,Montreal,QC,T. Ferraro,8629.0237,2021-02-05,Spousal contribution limits discussed; no action required this period.
ACCT-100294,CIF-BAL-60-03,Tobias Novak,tobias.novak@example-mail.ca,(770) 647-6021,Winnipeg,MB,T. Ferraro,4815.1646,2018-02-28,Verified identity against SIN ending 433 before processing the transfer.
ACCT-100295,CIF-GLB-EQ-02,Wenjun Vandenberg,wenjun.vandenberg@example-mail.ca,(891) 373-4822,Vancouver,BC,R. Whitfield,30860.126,2022-01-16,Account flagged for systematic withdrawal plan review in Q3.
ACCT-100296,CIF-BAL-60-03,Tobias Castellanos,tobias.castellanos@example-mail.ca,(831) 967-7178,Calgary,AB,J. Lindqvist,18018.347,2022-09-16,Investment objective remains growth with moderate volatility tolerance.
ACCT-100297,CIF-CAD-EQ-01,Quentin Vandenberg,quentin.vandenberg@example-mail.ca,(217) 900-9735,Mississauga,ON,R. Whitfield,32141.3074,2023-01-18,KYC refresh completed. Suitability unchanged since prior review.
ACCT-100298,CIF-ALT-LS-06,Wenjun Nakamura,wenjun.nakamura@example-mail.ca,(689) 202-1548,Mississauga,ON,M. Delacroix,33570.2941,2020-11-04,Joint account holder Wenjun Nakamura co-signed; reached at (689) 202-1548 for confirmation.
ACCT-100299,CIF-FIX-IN-04,Hyun Silva,hyun.silva@example-mail.ca,(516) 457-7893,Montreal,QC,S. Rahman,8600.2999,2016-04-23,Client declined leverage strategy. Documented in advisor file.
ACCT-100300,CIF-ALT-LS-06,Amrita MacLeod,amrita.macleod@example-mail.ca,(533) 745-8847,Mississauga,ON,S. Rahman,17144.0931,2019-04-26,"Amrita MacLeod confirmed new mailing address at 908 King St, apartment access via buzzer."
ACCT-100301,CIF-ALT-LS-06,Wenjun Singh,wenjun.singh@example-mail.ca,(491) 958-5929,Toronto,ON,M. Delacroix,38397.9347,2016-09-28,Wenjun Singh requested a call back; best reached at (491) 958-5929 after 4pm ET.
ACCT-100302,CIF-BAL-60-03,Oliver Kowalski,oliver.kowalski@example-mail.ca,(294) 875-1816,Ottawa,ON,T. Ferraro,7129.4125,2018-01-27,Risk tolerance reviewed at annual check-in. No change to mandate.
ACCT-100303,CIF-ALT-LS-06,Wenjun Silva,wenjun.silva@example-mail.ca,(662) 975-5212,Mississauga,ON,J. Lindqvist,43367.0706,2016-08-10,Client confirmed long-term horizon; rebalancing deferred to next quarter.
ACCT-100304,CIF-USD-EQ-05,Oliver Bhattacharya,oliver.bhattacharya@example-mail.ca,(557) 981-8486,Ottawa,ON,A. Osei,20083.4042,2020-11-23,Client confirmed long-term horizon; rebalancing deferred to next quarter.
ACCT-100305,CIF-CAD-EQ-01,Nkechi Ferreira,nkechi.ferreira@example-mail.ca,(342) 639-6493,Halifax,NS,J. Lindqvist,18624.3924,2023-07-01,Verified identity against SIN ending 921 before processing the transfer.
ACCT-100306,CIF-GLB-EQ-02,Dmitri Haddad,dmitri.haddad@example-mail.ca,(795) 504-5866,Ottawa,ON,A. Osei,25417.1012,2019-08-12,Client asked that statements go to dmitri.haddad@example-mail.ca instead of the address on file.
ACCT-100307,CIF-ALT-LS-06,Tobias Novak,tobias.novak@example-mail.ca,(742) 630-2684,Mississauga,ON,S. Rahman,34502.345,2019-11-27,Account flagged for systematic withdrawal plan review in Q3.
ACCT-100308,CIF-GLB-EQ-02,Sunil Tremblay,sunil.tremblay@example-mail.ca,(721) 311-7962,Halifax,NS,J. Lindqvist,40009.4662,2020-07-30,"Beneficiary updated to Sunil Tremblay, spouse, following marriage. Docs on file."
ACCT-100309,CIF-ALT-LS-06,Viktor Dubois,viktor.dubois@example-mail.ca,(681) 899-9041,Toronto,ON,T. Ferraro,21737.0647,2021-05-08,Client confirmed long-term horizon; rebalancing deferred to next quarter.
ACCT-100310,CIF-USD-EQ-05,Jaswinder Ferreira,jaswinder.ferreira@example-mail.ca,(599) 831-2876,Ottawa,ON,T. Ferraro,18028.315,2023-02-05,Spousal contribution limits discussed; no action required this period.
ACCT-100311,CIF-CAD-EQ-01,Sunil Castellanos,sunil.castellanos@example-mail.ca,(459) 241-6108,Montreal,QC,T. Ferraro,12368.3993,2019-11-25,Spousal contribution limits discussed; no action required this period.
ACCT-100312,CIF-USD-EQ-05,Nkechi Kowalski,nkechi.kowalski@example-mail.ca,(440) 216-1442,Toronto,ON,T. Ferraro,6711.2834,2017-12-16,"Nkechi Kowalski confirmed new mailing address at 3487 Bay St, apartment access via buzzer."
ACCT-100313,CIF-BAL-60-03,Dmitri Singh,dmitri.singh@example-mail.ca,(702) 356-1718,Mississauga,ON,R. Whitfield,43375.0366,2016-04-02,Periodic review complete. Holdings consistent with stated objectives.
ACCT-100314,CIF-BAL-60-03,Yasmin MacLeod,yasmin.macleod@example-mail.ca,(548) 352-4972,Vancouver,BC,S. Rahman,12446.0838,2017-01-10,"Yasmin MacLeod confirmed new mailing address at 2528 Bay St, apartment access via buzzer."
ACCT-100315,CIF-FIX-IN-04,Viktor Haddad,viktor.haddad@example-mail.ca,(766) 907-9828,Toronto,ON,T. Ferraro,40125.2315,2021-01-25,Spoke with Viktor Haddad on the phone at (766) 907-9828 to confirm the rebalance instruction.
ACCT-100316,CIF-USD-EQ-05,Gordon Nakamura,gordon.nakamura@example-mail.ca,(533) 797-4263,Halifax,NS,T. Ferraro,30687.214,2018-05-05,Periodic review complete. Holdings consistent with stated objectives.
ACCT-100317,CIF-FIX-IN-04,Rosalie Castellanos,rosalie.castellanos@example-mail.ca,(460) 596-8768,Halifax,NS,A. Osei,28375.8853,2024-03-21,Risk tolerance reviewed at annual check-in. No change to mandate.
ACCT-100318,CIF-CAD-EQ-01,Oliver Bhattacharya,oliver.bhattacharya@example-mail.ca,(823) 997-5664,Ottawa,ON,A. Osei,36592.3769,2016-02-28,Verified identity against SIN ending 288 before processing the transfer.
ACCT-100319,CIF-FIX-IN-04,Dmitri Novak,dmitri.novak@example-mail.ca,(296) 324-4983,Calgary,AB,S. Rahman,22387.4997,2023-11-12,"Beneficiary updated to Dmitri Novak, spouse, following marriage. Docs on file."
ACCT-100320,CIF-BAL-60-03,Chen Singh,chen.singh@example-mail.ca,(283) 731-5836,Ottawa,ON,J. Lindqvist,31710.8799,2023-03-12,Verified identity against SIN ending 355 before processing the transfer.
ACCT-100321,CIF-FIX-IN-04,Tobias Castellanos,tobias.castellanos@example-mail.ca,(769) 831-4597,Halifax,NS,M. Delacroix,22953.9241,2024-03-27,Joint account holder Tobias Castellanos co-signed; reached at (769) 831-4597 for confirmation.
ACCT-100322,CIF-BAL-60-03,Jaswinder Okonkwo,jaswinder.okonkwo@example-mail.ca,(302) 895-7953,Winnipeg,MB,J. Lindqvist,37445.0505,2024-06-29,Verified identity against SIN ending 534 before processing the transfer.
ACCT-100323,CIF-FIX-IN-04,Liam Bhattacharya,liam.bhattacharya@example-mail.ca,(312) 266-2545,Montreal,QC,S. Rahman,42251.8844,2020-08-06,Client asked that statements go to liam.bhattacharya@example-mail.ca instead of the address on file.
ACCT-100324,CIF-GLB-EQ-02,Rosalie Petrov,rosalie.petrov@example-mail.ca,(360) 676-4576,Halifax,NS,T. Ferraro,19212.8254,2024-09-22,"Rosalie Petrov confirmed new mailing address at 560 King St, apartment access via buzzer."
ACCT-100325,CIF-CAD-EQ-01,Chen MacLeod,chen.macleod@example-mail.ca,(482) 836-4227,Ottawa,ON,M. Delacroix,15853.9015,2019-01-25,"Beneficiary updated to Chen MacLeod, spouse, following marriage. Docs on file."
ACCT-100326,CIF-ALT-LS-06,Uma O'Brien,uma.obrien@example-mail.ca,(878) 856-6838,Toronto,ON,M. Delacroix,269.8774,2022-05-14,Client declined leverage strategy. Documented in advisor file.
ACCT-100327,CIF-CAD-EQ-01,Quentin Rossi,quentin.rossi@example-mail.ca,(644) 307-3805,Ottawa,ON,J. Lindqvist,44076.3545,2024-03-11,Account flagged for systematic withdrawal plan review in Q3.
ACCT-100328,CIF-CAD-EQ-01,Gordon Larsen,gordon.larsen@example-mail.ca,(404) 425-2025,Winnipeg,MB,S. Rahman,10415.9691,2021-08-06,Risk tolerance reviewed at annual check-in. No change to mandate.
ACCT-100329,CIF-USD-EQ-05,Dmitri O'Brien,dmitri.obrien@example-mail.ca,(583) 668-5184,Mississauga,ON,A. Osei,42314.6719,2023-01-02,Verified identity against SIN ending 712 before processing the transfer.
ACCT-100330,CIF-CAD-EQ-01,Gordon O'Brien,gordon.obrien@example-mail.ca,(266) 305-4826,Mississauga,ON,T. Ferraro,20320.1474,2018-09-25,Periodic review complete. Holdings consistent with stated objectives.
ACCT-100331,CIF-CAD-EQ-01,Sunil Petrov,sunil.petrov@example-mail.ca,(538) 745-8301,Mississauga,ON,S. Rahman,28975.1056,2021-10-17,Verified identity against SIN ending 464 before processing the transfer.
ACCT-100332,CIF-BAL-60-03,Hyun Mensah,hyun.mensah@example-mail.ca,(600) 594-3185,Halifax,NS,A. Osei,14575.8746,2019-12-29,Risk tolerance reviewed at annual check-in. No change to mandate.
ACCT-100333,CIF-CAD-EQ-01,Farah Nakamura,farah.nakamura@example-mail.ca,(548) 226-9165,Calgary,AB,S. Rahman,47842.9813,2021-05-18,"Farah Nakamura confirmed new mailing address at 1602 King St, apartment access via buzzer."
ACCT-100334,CIF-ALT-LS-06,Jaswinder Nakamura,jaswinder.nakamura@example-mail.ca,(385) 997-7038,Winnipeg,MB,R. Whitfield,16039.5186,2021-09-01,KYC refresh completed. Suitability unchanged since prior review.
ACCT-100335,CIF-CAD-EQ-01,Wenjun Kowalski,wenjun.kowalski@example-mail.ca,(744) 935-9126,Halifax,NS,S. Rahman,18033.6282,2018-12-28,Investment objective remains growth with moderate volatility tolerance.
ACCT-100336,CIF-BAL-60-03,Dmitri Kowalski,dmitri.kowalski@example-mail.ca,(453) 464-2831,Mississauga,ON,R. Whitfield,29346.3314,2020-05-19,Client asked that statements go to dmitri.kowalski@example-mail.ca instead of the address on file.
ACCT-100337,CIF-CAD-EQ-01,Nkechi Castellanos,nkechi.castellanos@example-mail.ca,(808) 624-6570,Halifax,NS,R. Whitfield,31550.7383,2016-08-20,Investment objective remains growth with moderate volatility tolerance.
ACCT-100338,CIF-BAL-60-03,Eleanor Rossi,eleanor.rossi@example-mail.ca,(236) 295-8800,Vancouver,BC,S. Rahman,32660.6829,2024-08-08,Client confirmed long-term horizon; rebalancing deferred to next quarter.
ACCT-100339,CIF-BAL-60-03,Uma Silva,uma.silva@example-mail.ca,(813) 978-5571,Toronto,ON,A. Osei,10121.0941,2016-08-28,Client asked that statements go to uma.silva@example-mail.ca instead of the address on file.
ACCT-100340,CIF-CAD-EQ-01,Oliver Singh,oliver.singh@example-mail.ca,(331) 237-6039,Halifax,NS,R. Whitfield,36274.2464,2017-08-04,Periodic review complete. Holdings consistent with stated objectives.
ACCT-100341,CIF-CAD-EQ-01,Yasmin Rossi,yasmin.rossi@example-mail.ca,(595) 537-1543,Winnipeg,MB,M. Delacroix,5095.5554,2017-12-31,Account flagged for systematic withdrawal plan review in Q3.
ACCT-100342,CIF-FIX-IN-04,Wenjun Singh,wenjun.singh@example-mail.ca,(514) 220-7437,Calgary,AB,R. Whitfield,35544.9957,2024-01-29,Client asked that statements go to wenjun.singh@example-mail.ca instead of the address on file.
ACCT-100343,CIF-BAL-60-03,Farah Choi,farah.choi@example-mail.ca,(246) 342-4984,Montreal,QC,R. Whitfield,24965.4537,2016-07-22,Periodic review complete. Holdings consistent with stated objectives.
ACCT-100344,CIF-GLB-EQ-02,Sunil Petrov,sunil.petrov@example-mail.ca,(512) 433-7326,Calgary,AB,T. Ferraro,37756.4273,2019-03-04,Follow-up email sent to sunil.petrov@example-mail.ca summarising the fee discussion.
ACCT-100345,CIF-USD-EQ-05,Eleanor Larsen,eleanor.larsen@example-mail.ca,(332) 774-7247,Winnipeg,MB,S. Rahman,42005.4763,2018-12-27,Client asked that statements go to eleanor.larsen@example-mail.ca instead of the address on file.
ACCT-100346,CIF-CAD-EQ-01,Isabelle Okonkwo,isabelle.okonkwo@example-mail.ca,(685) 650-5512,Halifax,NS,T. Ferraro,10608.0947,2021-09-05,Risk tolerance reviewed at annual check-in. No change to mandate.
ACCT-100347,CIF-ALT-LS-06,Yasmin Silva,yasmin.silva@example-mail.ca,(867) 293-5935,Mississauga,ON,T. Ferraro,1715.657,2024-01-07,Spoke with Yasmin Silva on the phone at (867) 293-5935 to confirm the rebalance instruction.
ACCT-100348,CIF-GLB-EQ-02,Isabelle Rossi,isabelle.rossi@example-mail.ca,(856) 396-9656,Winnipeg,MB,S. Rahman,10678.2443,2024-01-06,Investment objective remains growth with moderate volatility tolerance.
ACCT-100349,CIF-USD-EQ-05,Chen Kowalski,chen.kowalski@example-mail.ca,(301) 417-6844,Mississauga,ON,S. Rahman,44296.2642,2017-03-26,Account flagged for systematic withdrawal plan review in Q3.
ACCT-100350,CIF-USD-EQ-05,Eleanor Rossi,eleanor.rossi@example-mail.ca,(836) 600-1619,Montreal,QC,J. Lindqvist,26983.7879,2020-10-03,Client declined leverage strategy. Documented in advisor file.
ACCT-100351,CIF-USD-EQ-05,Liam O'Brien,liam.obrien@example-mail.ca,(804) 386-9537,Calgary,AB,S. Rahman,41258.992,2024-08-30,Account flagged for systematic withdrawal plan review in Q3.
ACCT-100352,CIF-ALT-LS-06,Gordon Tremblay,gordon.tremblay@example-mail.ca,(683) 942-1746,Vancouver,BC,T. Ferraro,12520.0911,2022-11-07,Account flagged for systematic withdrawal plan review in Q3.
ACCT-100353,CIF-FIX-IN-04,Amrita Petrov,amrita.petrov@example-mail.ca,(367) 775-4774,Montreal,QC,S. Rahman,12990.3044,2016-04-18,Amrita Petrov requested a call back; best reached at (367) 775-4774 after 4pm ET.
ACCT-100354,CIF-CAD-EQ-01,Farah Haddad,farah.haddad@example-mail.ca,(472) 733-3308,Calgary,AB,R. Whitfield,17049.6365,2018-06-13,Periodic review complete. Holdings consistent with stated objectives.
ACCT-100355,CIF-CAD-EQ-01,Sunil Choi,sunil.choi@example-mail.ca,(661) 624-7945,Montreal,QC,M. Delacroix,33266.7689,2024-09-09,Client declined leverage strategy. Documented in advisor file.
ACCT-100356,CIF-FIX-IN-04,Tobias Rossi,tobias.rossi@example-mail.ca,(636) 777-8296,Montreal,QC,R. Whitfield,18778.6508,2019-06-12,"Tobias Rossi confirmed new mailing address at 4320 Yonge St, apartment access via buzzer."
ACCT-100357,CIF-CAD-EQ-01,Eleanor Choi,eleanor.choi@example-mail.ca,(298) 431-2456,Calgary,AB,M. Delacroix,22057.8122,2023-10-07,Spoke with Eleanor Choi on the phone at (298) 431-2456 to confirm the rebalance instruction.
ACCT-100358,CIF-USD-EQ-05,Priya Castellanos,priya.castellanos@example-mail.ca,(396) 961-8729,Winnipeg,MB,J. Lindqvist,3234.7277,2016-12-27,Verified identity against SIN ending 455 before processing the transfer.
ACCT-100359,CIF-FIX-IN-04,Benoit Ferreira,benoit.ferreira@example-mail.ca,(764) 580-2116,Montreal,QC,T. Ferraro,38518.1418,2016-10-09,Periodic review complete. Holdings consistent with stated objectives.
ACCT-100360,CIF-GLB-EQ-02,Oliver Singh,oliver.singh@example-mail.ca,(729) 469-5841,Halifax,NS,T. Ferraro,39727.8311,2018-02-16,Joint account holder Oliver Singh co-signed; reached at (729) 469-5841 for confirmation.
ACCT-100361,CIF-USD-EQ-05,Gordon Haddad,gordon.haddad@example-mail.ca,(591) 798-7491,Montreal,QC,R. Whitfield,35979.1529,2017-09-29,Client asked that statements go to gordon.haddad@example-mail.ca instead of the address on file.
ACCT-100362,CIF-ALT-LS-06,Uma Rossi,uma.rossi@example-mail.ca,(461) 900-4022,Ottawa,ON,T. Ferraro,14860.9938,2020-09-21,Uma Rossi requested a call back; best reached at (461) 900-4022 after 4pm ET.
ACCT-100363,CIF-ALT-LS-06,Quentin Castellanos,quentin.castellanos@example-mail.ca,(282) 378-8262,Ottawa,ON,M. Delacroix,27058.2899,2023-06-03,KYC refresh completed. Suitability unchanged since prior review.
ACCT-100364,CIF-FIX-IN-04,Katarzyna Kowalski,katarzyna.kowalski@example-mail.ca,(678) 376-7402,Calgary,AB,S. Rahman,37371.7087,2017-07-23,KYC refresh completed. Suitability unchanged since prior review.
ACCT-100365,CIF-GLB-EQ-02,Wenjun Rossi,wenjun.rossi@example-mail.ca,(263) 466-6690,Vancouver,BC,A. Osei,31556.8627,2019-04-14,Verified identity against SIN ending 365 before processing the transfer.
ACCT-100366,CIF-USD-EQ-05,Amrita Nakamura,amrita.nakamura@example-mail.ca,(549) 321-9036,Calgary,AB,J. Lindqvist,47689.5674,2018-03-26,"Amrita Nakamura confirmed new mailing address at 4147 King St, apartment access via buzzer."
ACCT-100367,CIF-ALT-LS-06,Chen Vandenberg,chen.vandenberg@example-mail.ca,(712) 784-5551,Mississauga,ON,R. Whitfield,19236.9395,2019-07-09,Client declined leverage strategy. Documented in advisor file.
ACCT-100368,CIF-GLB-EQ-02,Jaswinder Vandenberg,jaswinder.vandenberg@example-mail.ca,(851) 507-1643,Winnipeg,MB,S. Rahman,13397.5466,2023-05-17,Risk tolerance reviewed at annual check-in. No change to mandate.
ACCT-100369,CIF-FIX-IN-04,Quentin Larsen,quentin.larsen@example-mail.ca,(425) 430-7898,Mississauga,ON,J. Lindqvist,44179.2873,2023-04-30,Quentin Larsen requested a call back; best reached at (425) 430-7898 after 4pm ET.
ACCT-100370,CIF-BAL-60-03,Isabelle O'Brien,isabelle.obrien@example-mail.ca,(255) 440-7256,Ottawa,ON,M. Delacroix,23459.819,2016-05-02,Client confirmed long-term horizon; rebalancing deferred to next quarter.
ACCT-100371,CIF-GLB-EQ-02,Viktor Ferreira,viktor.ferreira@example-mail.ca,(341) 592-8188,Montreal,QC,S. Rahman,12477.5147,2016-02-12,Periodic review complete. Holdings consistent with stated objectives.
ACCT-100372,CIF-BAL-60-03,Quentin Larsen,quentin.larsen@example-mail.ca,(412) 832-1102,Halifax,NS,R. Whitfield,37957.8741,2017-05-03,Client declined leverage strategy. Documented in advisor file.
ACCT-100373,CIF-USD-EQ-05,Amrita MacLeod,amrita.macleod@example-mail.ca,(589) 277-7488,Winnipeg,MB,M. Delacroix,25480.6494,2022-08-13,Amrita MacLeod requested a call back; best reached at (589) 277-7488 after 4pm ET.
ACCT-100374,CIF-GLB-EQ-02,Uma Rossi,uma.rossi@example-mail.ca,(303) 993-3212,Halifax,NS,A. Osei,35582.8369,2017-07-23,Spousal contribution limits discussed; no action required this period.
ACCT-100375,CIF-USD-EQ-05,Benoit Petrov,benoit.petrov@example-mail.ca,(830) 472-4680,Ottawa,ON,M. Delacroix,47829.4103,2023-12-15,Periodic review complete. Holdings consistent with stated objectives.
ACCT-100376,CIF-CAD-EQ-01,Quentin Bhattacharya,quentin.bhattacharya@example-mail.ca,(875) 646-3111,Vancouver,BC,T. Ferraro,8690.7455,2017-08-02,"Quentin Bhattacharya confirmed new mailing address at 2547 Dundas St, apartment access via buzzer."
ACCT-100377,CIF-BAL-60-03,Benoit Haddad,benoit.haddad@example-mail.ca,(835) 553-4534,Halifax,NS,J. Lindqvist,43673.8903,2023-07-11,"Benoit Haddad confirmed new mailing address at 827 Queen St, apartment access via buzzer."
ACCT-100378,CIF-CAD-EQ-01,Amrita Silva,amrita.silva@example-mail.ca,(648) 584-6074,Ottawa,ON,A. Osei,26669.5002,2020-10-14,Account flagged for systematic withdrawal plan review in Q3.
ACCT-100379,CIF-BAL-60-03,Yasmin Dubois,yasmin.dubois@example-mail.ca,(583) 395-1052,Mississauga,ON,J. Lindqvist,45308.5963,2021-12-14,Client asked that statements go to yasmin.dubois@example-mail.ca instead of the address on file.
ACCT-100380,CIF-CAD-EQ-01,Dmitri Nakamura,dmitri.nakamura@example-mail.ca,(712) 550-7657,Winnipeg,MB,M. Delacroix,1115.76,2020-05-31,Risk tolerance reviewed at annual check-in. No change to mandate.
ACCT-100381,CIF-GLB-EQ-02,Sunil Haddad,sunil.haddad@example-mail.ca,(861) 722-3440,Montreal,QC,S. Rahman,39189.138,2021-09-05,Client asked that statements go to sunil.haddad@example-mail.ca instead of the address on file.
ACCT-100382,CIF-FIX-IN-04,Viktor Haddad,viktor.haddad@example-mail.ca,(235) 213-7453,Mississauga,ON,A. Osei,8972.2018,2024-04-25,Joint account holder Viktor Haddad co-signed; reached at (235) 213-7453 for confirmation.
ACCT-100383,CIF-FIX-IN-04,Uma Silva,uma.silva@example-mail.ca,(284) 483-7443,Winnipeg,MB,S. Rahman,10719.5192,2019-02-14,Client confirmed long-term horizon; rebalancing deferred to next quarter.
ACCT-100384,CIF-BAL-60-03,Oliver Larsen,oliver.larsen@example-mail.ca,(469) 949-3473,Winnipeg,MB,M. Delacroix,30539.7531,2019-04-21,KYC refresh completed. Suitability unchanged since prior review.
ACCT-100385,CIF-GLB-EQ-02,Jaswinder Rossi,jaswinder.rossi@example-mail.ca,(585) 797-4776,Halifax,NS,M. Delacroix,31556.605,2017-01-11,KYC refresh completed. Suitability unchanged since prior review.
ACCT-100386,CIF-FIX-IN-04,Oliver O'Brien,oliver.obrien@example-mail.ca,(492) 535-7848,Vancouver,BC,A. Osei,45107.9505,2017-12-27,"Beneficiary updated to Oliver O'Brien, spouse, following marriage. Docs on file."
ACCT-100387,CIF-FIX-IN-04,Mariana Bhattacharya,mariana.bhattacharya@example-mail.ca,(887) 458-8919,Toronto,ON,J. Lindqvist,8363.0246,2022-07-14,"Beneficiary updated to Mariana Bhattacharya, spouse, following marriage. Docs on file."
ACCT-100388,CIF-FIX-IN-04,Farah Castellanos,farah.castellanos@example-mail.ca,(677) 889-1955,Calgary,AB,R. Whitfield,14676.4997,2021-08-03,Follow-up email sent to farah.castellanos@example-mail.ca summarising the fee discussion.
ACCT-100389,CIF-BAL-60-03,Katarzyna Silva,katarzyna.silva@example-mail.ca,(334) 974-2650,Calgary,AB,A. Osei,9872.3652,2023-11-10,Risk tolerance reviewed at annual check-in. No change to mandate.
ACCT-100390,CIF-ALT-LS-06,Chen Novak,chen.novak@example-mail.ca,(252) 551-4327,Montreal,QC,S. Rahman,22378.8524,2024-08-09,Chen Novak requested a call back; best reached at (252) 551-4327 after 4pm ET.
ACCT-100391,CIF-ALT-LS-06,Katarzyna Petrov,katarzyna.petrov@example-mail.ca,(362) 797-7462,Calgary,AB,M. Delacroix,5398.8204,2021-12-27,Risk tolerance reviewed at annual check-in. No change to mandate.
ACCT-100392,CIF-BAL-60-03,Quentin Tremblay,quentin.tremblay@example-mail.ca,(777) 309-9133,Ottawa,ON,R. Whitfield,35053.3457,2021-02-16,Client declined leverage strategy. Documented in advisor file.
ACCT-100393,CIF-CAD-EQ-01,Uma Dubois,uma.dubois@example-mail.ca,(902) 631-8790,Halifax,NS,A. Osei,38046.8705,2022-12-25,Client asked that statements go to uma.dubois@example-mail.ca instead of the address on file.
ACCT-100394,CIF-FIX-IN-04,Farah Tremblay,farah.tremblay@example-mail.ca,(814) 816-1791,Calgary,AB,J. Lindqvist,45450.9515,2016-07-19,Verified identity against SIN ending 757 before processing the transfer.
ACCT-100395,CIF-ALT-LS-06,Wenjun MacLeod,wenjun.macleod@example-mail.ca,(209) 776-3740,Winnipeg,MB,T. Ferraro,12415.2316,2021-09-20,Account flagged for systematic withdrawal plan review in Q3.
ACCT-100396,CIF-USD-EQ-05,Nkechi Nakamura,nkechi.nakamura@example-mail.ca,(323) 848-9823,Mississauga,ON,R. Whitfield,26507.8944,2023-06-09,"Nkechi Nakamura confirmed new mailing address at 3063 Dundas St, apartment access via buzzer."
ACCT-100397,CIF-ALT-LS-06,Oliver Larsen,oliver.larsen@example-mail.ca,(824) 456-3813,Calgary,AB,M. Delacroix,41676.7023,2024-04-20,"Oliver Larsen confirmed new mailing address at 2495 Bay St, apartment access via buzzer."
ACCT-100398,CIF-ALT-LS-06,Farah Ferreira,farah.ferreira@example-mail.ca,(680) 253-9460,Calgary,AB,R. Whitfield,27217.8353,2019-10-03,Spousal contribution limits discussed; no action required this period.
ACCT-100399,CIF-USD-EQ-05,Liam Nakamura,liam.nakamura@example-mail.ca,(424) 981-9187,Ottawa,ON,J. Lindqvist,2304.3456,2022-05-14,Periodic review complete. Holdings consistent with stated objectives.
ACCT-100400,CIF-ALT-LS-06,Sunil Mensah,sunil.mensah@example-mail.ca,(418) 670-4569,Mississauga,ON,J. Lindqvist,18695.7147,2020-01-22,Risk tolerance reviewed at annual check-in. No change to mandate.
ACCT-100401,CIF-BAL-60-03,Dmitri Novak,dmitri.novak@example-mail.ca,(262) 855-4997,Ottawa,ON,R. Whitfield,21655.32,2022-10-11,Client confirmed long-term horizon; rebalancing deferred to next quarter.
ACCT-100402,CIF-ALT-LS-06,Chen O'Brien,chen.obrien@example-mail.ca,(424) 779-3367,Mississauga,ON,T. Ferraro,19925.6297,2020-09-01,Periodic review complete. Holdings consistent with stated objectives.
ACCT-100403,CIF-CAD-EQ-01,Farah MacLeod,farah.macleod@example-mail.ca,(446) 873-7478,Ottawa,ON,T. Ferraro,26040.5198,2017-01-19,"Beneficiary updated to Farah MacLeod, spouse, following marriage. Docs on file."
ACCT-100404,CIF-BAL-60-03,Liam Okonkwo,liam.okonkwo@example-mail.ca,(341) 864-1941,Toronto,ON,A. Osei,2741.8944,2022-03-30,Spoke with Liam Okonkwo on the phone at (341) 864-1941 to confirm the rebalance instruction.
ACCT-100405,CIF-GLB-EQ-02,Dmitri Kowalski,dmitri.kowalski@example-mail.ca,(368) 964-8100,Winnipeg,MB,T. Ferraro,29170.611,2023-12-22,Spousal contribution limits discussed; no action required this period.
ACCT-100406,CIF-CAD-EQ-01,Isabelle Silva,isabelle.silva@example-mail.ca,(394) 288-3249,Ottawa,ON,J. Lindqvist,34690.9146,2019-08-10,KYC refresh completed. Suitability unchanged since prior review.
ACCT-100407,CIF-ALT-LS-06,Benoit Haddad,benoit.haddad@example-mail.ca,(852) 921-5023,Toronto,ON,J. Lindqvist,31272.1319,2018-01-16,Investment objective remains growth with moderate volatility tolerance.
ACCT-100408,CIF-USD-EQ-05,Uma Haddad,uma.haddad@example-mail.ca,(284) 264-2384,Winnipeg,MB,J. Lindqvist,36017.6522,2019-05-24,"Uma Haddad confirmed new mailing address at 2484 Dundas St, apartment access via buzzer."
ACCT-100409,CIF-CAD-EQ-01,Amrita Tremblay,amrita.tremblay@example-mail.ca,(221) 289-4869,Calgary,AB,S. Rahman,35483.5607,2017-03-15,"Beneficiary updated to Amrita Tremblay, spouse, following marriage. Docs on file."
ACCT-100410,CIF-ALT-LS-06,Eleanor Petrov,eleanor.petrov@example-mail.ca,(592) 794-6968,Montreal,QC,R. Whitfield,3389.0291,2018-10-26,Follow-up email sent to eleanor.petrov@example-mail.ca summarising the fee discussion.
ACCT-100411,CIF-FIX-IN-04,Oliver Silva,oliver.silva@example-mail.ca,(273) 795-4123,Vancouver,BC,J. Lindqvist,21043.0131,2021-10-30,Oliver Silva requested a call back; best reached at (273) 795-4123 after 4pm ET.
ACCT-100412,CIF-BAL-60-03,Farah Okonkwo,farah.okonkwo@example-mail.ca,(500) 692-8434,Calgary,AB,M. Delacroix,10114.8497,2021-05-06,"Farah Okonkwo confirmed new mailing address at 569 Queen St, apartment access via buzzer."
ACCT-100413,CIF-USD-EQ-05,Tobias Haddad,tobias.haddad@example-mail.ca,(204) 857-2249,Calgary,AB,J. Lindqvist,24728.2848,2019-04-11,"Beneficiary updated to Tobias Haddad, spouse, following marriage. Docs on file."
ACCT-100414,CIF-CAD-EQ-01,Uma Larsen,uma.larsen@example-mail.ca,(410) 286-9542,Halifax,NS,S. Rahman,34620.8644,2020-04-26,Spoke with Uma Larsen on the phone at (410) 286-9542 to confirm the rebalance instruction.
ACCT-100415,CIF-BAL-60-03,Yasmin Mensah,yasmin.mensah@example-mail.ca,(319) 452-9181,Toronto,ON,J. Lindqvist,10791.7056,2024-06-21,Follow-up email sent to yasmin.mensah@example-mail.ca summarising the fee discussion.
ACCT-100416,CIF-ALT-LS-06,Gordon O'Brien,gordon.obrien@example-mail.ca,(220) 784-6818,Ottawa,ON,R. Whitfield,9691.0804,2023-01-17,Risk tolerance reviewed at annual check-in. No change to mandate.
ACCT-100417,CIF-GLB-EQ-02,Yasmin Larsen,yasmin.larsen@example-mail.ca,(680) 793-4361,Halifax,NS,R. Whitfield,43398.5466,2019-10-01,Spousal contribution limits discussed; no action required this period.
ACCT-100418,CIF-USD-EQ-05,Rosalie Kowalski,rosalie.kowalski@example-mail.ca,(549) 548-3493,Winnipeg,MB,S. Rahman,44218.3959,2020-02-13,Spoke with Rosalie Kowalski on the phone at (549) 548-3493 to confirm the rebalance instruction.
ACCT-100419,CIF-CAD-EQ-01,Dmitri Bhattacharya,dmitri.bhattacharya@example-mail.ca,(677) 804-4467,Mississauga,ON,R. Whitfield,30941.0481,2023-12-14,Client declined leverage strategy. Documented in advisor file.
